Phase 1: Comprehensive Shielding Master Data
Photons Fired per run: 10000000 | Total Runs: 930
===================================================================================================================
Energy (keV)    | Material        | Thickness (mm)  | I_0        | I          | Ratio (I/I_0)   | Abs. Poisson Error
-------------------------------------------------------------------------------------------------------------------
59.5            | PPS_0Wt         | 2               | 10000000   | 9346893    | 0.934689        | 0.00030573
59.5            | PPS_0Wt         | 4               | 10000000   | 8735537    | 0.873554        | 0.00029556
59.5            | PPS_0Wt         | 6               | 10000000   | 8165930    | 0.816593        | 0.00028576
59.5            | PPS_0Wt         | 8               | 10000000   | 7632864    | 0.763286        | 0.00027628
59.5            | PPS_0Wt         | 10              | 10000000   | 7135259    | 0.713526        | 0.00026712
59.5            | Pb_5Wt          | 2               | 10000000   | 8701393    | 0.870139        | 0.00029498
59.5            | Pb_5Wt          | 4               | 10000000   | 7572169    | 0.757217        | 0.00027518
59.5            | Pb_5Wt          | 6               | 10000000   | 6590625    | 0.659062        | 0.00025672
59.5            | Pb_5Wt          | 8               | 10000000   | 5736925    | 0.573693        | 0.00023952
59.5            | Pb_5Wt          | 10              | 10000000   | 4992104    | 0.49921         | 0.00022343
59.5            | Pb_10Wt         | 2               | 10000000   | 8045938    | 0.804594        | 0.00028365
59.5            | Pb_10Wt         | 4               | 10000000   | 6475190    | 0.647519        | 0.00025446
59.5            | Pb_10Wt         | 6               | 10000000   | 5212436    | 0.521244        | 0.00022831
59.5            | Pb_10Wt         | 8               | 10000000   | 4194778    | 0.419478        | 0.00020481
59.5            | Pb_10Wt         | 10              | 10000000   | 3375965    | 0.337597        | 0.00018374
59.5            | Pb_15Wt         | 2               | 10000000   | 7381099    | 0.73811         | 0.00027168
59.5            | Pb_15Wt         | 4               | 10000000   | 5449500    | 0.54495         | 0.00023344
59.5            | Pb_15Wt         | 6               | 10000000   | 4023219    | 0.402322        | 0.00020058
59.5            | Pb_15Wt         | 8               | 10000000   | 2970117    | 0.297012        | 0.00017234
59.5            | Pb_15Wt         | 10              | 10000000   | 2192839    | 0.219284        | 0.00014808
59.5            | Pb_20Wt         | 2               | 10000000   | 6709185    | 0.670918        | 0.00025902
59.5            | Pb_20Wt         | 4               | 10000000   | 4502122    | 0.450212        | 0.00021218
59.5            | Pb_20Wt         | 6               | 10000000   | 3021511    | 0.302151        | 0.00017382
59.5            | Pb_20Wt         | 8               | 10000000   | 2027069    | 0.202707        | 0.00014238
59.5            | Pb_20Wt         | 10              | 10000000   | 1360114    | 0.136011        | 0.00011662
59.5            | Pb_25Wt         | 2               | 10000000   | 6033090    | 0.603309        | 0.00024562
59.5            | Pb_25Wt         | 4               | 10000000   | 3639369    | 0.363937        | 0.00019077
59.5            | Pb_25Wt         | 6               | 10000000   | 2197004    | 0.2197          | 0.00014822
59.5            | Pb_25Wt         | 8               | 10000000   | 1325068    | 0.132507        | 0.00011511
59.5            | Pb_25Wt         | 10              | 10000000   | 799096     | 0.0799096       | 0.00008939
59.5            | Pb_30Wt         | 2               | 10000000   | 5357004    | 0.5357          | 0.00023145
59.5            | Pb_30Wt         | 4               | 10000000   | 2869099    | 0.28691         | 0.00016938
59.5            | Pb_30Wt         | 6               | 10000000   | 1537103    | 0.15371         | 0.00012398
59.5            | Pb_30Wt         | 8               | 10000000   | 822777     | 0.0822777       | 0.00009071
59.5            | Pb_30Wt         | 10              | 10000000   | 441294     | 0.0441294       | 0.00006643
59.5            | BaSO4_5Wt       | 2               | 10000000   | 8694558    | 0.869456        | 0.00029487
59.5            | BaSO4_5Wt       | 4               | 10000000   | 7559707    | 0.755971        | 0.00027495
59.5            | BaSO4_5Wt       | 6               | 10000000   | 6574797    | 0.65748         | 0.00025641
59.5            | BaSO4_5Wt       | 8               | 10000000   | 5717708    | 0.571771        | 0.00023912
59.5            | BaSO4_5Wt       | 10              | 10000000   | 4972277    | 0.497228        | 0.00022299
59.5            | BaSO4_10Wt      | 2               | 10000000   | 8044122    | 0.804412        | 0.00028362
59.5            | BaSO4_10Wt      | 4               | 10000000   | 6472313    | 0.647231        | 0.00025441
59.5            | BaSO4_10Wt      | 6               | 10000000   | 5208485    | 0.520849        | 0.00022822
59.5            | BaSO4_10Wt      | 8               | 10000000   | 4191552    | 0.419155        | 0.00020473
59.5            | BaSO4_10Wt      | 10              | 10000000   | 3371320    | 0.337132        | 0.00018361
59.5            | BaSO4_15Wt      | 2               | 10000000   | 7396166    | 0.739617        | 0.00027196
59.5            | BaSO4_15Wt      | 4               | 10000000   | 5471725    | 0.547172        | 0.00023392
59.5            | BaSO4_15Wt      | 6               | 10000000   | 4048789    | 0.404879        | 0.00020122
59.5            | BaSO4_15Wt      | 8               | 10000000   | 2994744    | 0.299474        | 0.00017305
59.5            | BaSO4_15Wt      | 10              | 10000000   | 2215077    | 0.221508        | 0.00014883
59.5            | BaSO4_20Wt      | 2               | 10000000   | 6756053    | 0.675605        | 0.00025992
59.5            | BaSO4_20Wt      | 4               | 10000000   | 4565271    | 0.456527        | 0.00021366
59.5            | BaSO4_20Wt      | 6               | 10000000   | 3084334    | 0.308433        | 0.00017562
59.5            | BaSO4_20Wt      | 8               | 10000000   | 2083194    | 0.208319        | 0.00014433
59.5            | BaSO4_20Wt      | 10              | 10000000   | 1407942    | 0.140794        | 0.00011866
59.5            | BaSO4_25Wt      | 2               | 10000000   | 6123231    | 0.612323        | 0.00024745
59.5            | BaSO4_25Wt      | 4               | 10000000   | 3749782    | 0.374978        | 0.00019364
59.5            | BaSO4_25Wt      | 6               | 10000000   | 2296486    | 0.229649        | 0.00015154
59.5            | BaSO4_25Wt      | 8               | 10000000   | 1406470    | 0.140647        | 0.00011859
59.5            | BaSO4_25Wt      | 10              | 10000000   | 861178     | 0.0861178       | 0.00009280
59.5            | BaSO4_30Wt      | 2               | 10000000   | 5503348    | 0.550335        | 0.00023459
59.5            | BaSO4_30Wt      | 4               | 10000000   | 3027564    | 0.302756        | 0.00017400
59.5            | BaSO4_30Wt      | 6               | 10000000   | 1666414    | 0.166641        | 0.00012909
59.5            | BaSO4_30Wt      | 8               | 10000000   | 916850     | 0.091685        | 0.00009575
59.5            | BaSO4_30Wt      | 10              | 10000000   | 504808     | 0.0504808       | 0.00007105
59.5            | W_5Wt           | 2               | 10000000   | 8868214    | 0.886821        | 0.00029780
59.5            | W_5Wt           | 4               | 10000000   | 7865174    | 0.786517        | 0.00028045
59.5            | W_5Wt           | 6               | 10000000   | 6977022    | 0.697702        | 0.00026414
59.5            | W_5Wt           | 8               | 10000000   | 6188402    | 0.61884         | 0.00024876
59.5            | W_5Wt           | 10              | 10000000   | 5489112    | 0.548911        | 0.00023429
59.5            | W_10Wt          | 2               | 10000000   | 8370042    | 0.837004        | 0.00028931
59.5            | W_10Wt          | 4               | 10000000   | 7005476    | 0.700548        | 0.00026468
59.5            | W_10Wt          | 6               | 10000000   | 5865869    | 0.586587        | 0.00024220
59.5            | W_10Wt          | 8               | 10000000   | 4910109    | 0.491011        | 0.00022159
59.5            | W_10Wt          | 10              | 10000000   | 4110837    | 0.411084        | 0.00020275
59.5            | W_15Wt          | 2               | 10000000   | 7850107    | 0.785011        | 0.00028018
59.5            | W_15Wt          | 4               | 10000000   | 6163579    | 0.616358        | 0.00024827
59.5            | W_15Wt          | 6               | 10000000   | 4840105    | 0.484011        | 0.00022000
59.5            | W_15Wt          | 8               | 10000000   | 3800294    | 0.380029        | 0.00019494
59.5            | W_15Wt          | 10              | 10000000   | 2983773    | 0.298377        | 0.00017274
59.5            | W_20Wt          | 2               | 10000000   | 7308514    | 0.730851        | 0.00027034
59.5            | W_20Wt          | 4               | 10000000   | 5343133    | 0.534313        | 0.00023115
59.5            | W_20Wt          | 6               | 10000000   | 3906770    | 0.390677        | 0.00019766
59.5            | W_20Wt          | 8               | 10000000   | 2855647    | 0.285565        | 0.00016899
59.5            | W_20Wt          | 10              | 10000000   | 2088027    | 0.208803        | 0.00014450
59.5            | W_25Wt          | 2               | 10000000   | 6746682    | 0.674668        | 0.00025974
59.5            | W_25Wt          | 4               | 10000000   | 4553058    | 0.455306        | 0.00021338
59.5            | W_25Wt          | 6               | 10000000   | 3072818    | 0.307282        | 0.00017529
59.5            | W_25Wt          | 8               | 10000000   | 2073274    | 0.207327        | 0.00014399
59.5            | W_25Wt          | 10              | 10000000   | 1398747    | 0.139875        | 0.00011827
59.5            | W_30Wt          | 2               | 10000000   | 6163580    | 0.616358        | 0.00024827
59.5            | W_30Wt          | 4               | 10000000   | 3799763    | 0.379976        | 0.00019493
59.5            | W_30Wt          | 6               | 10000000   | 2342522    | 0.234252        | 0.00015305
59.5            | W_30Wt          | 8               | 10000000   | 1444057    | 0.144406        | 0.00012017
59.5            | W_30Wt          | 10              | 10000000   | 889841     | 0.0889841       | 0.00009433
59.5            | Bi2O3_5Wt       | 2               | 10000000   | 8740571    | 0.874057        | 0.00029564
59.5            | Bi2O3_5Wt       | 4               | 10000000   | 7640700    | 0.76407         | 0.00027642
59.5            | Bi2O3_5Wt       | 6               | 10000000   | 6680263    | 0.668026        | 0.00025846
59.5            | Bi2O3_5Wt       | 8               | 10000000   | 5840857    | 0.584086        | 0.00024168
59.5            | Bi2O3_5Wt       | 10              | 10000000   | 5105566    | 0.510557        | 0.00022595
59.5            | Bi2O3_10Wt      | 2               | 10000000   | 8125566    | 0.812557        | 0.00028505
59.5            | Bi2O3_10Wt      | 4               | 10000000   | 6603388    | 0.660339        | 0.00025697
59.5            | Bi2O3_10Wt      | 6               | 10000000   | 5368000    | 0.5368          | 0.00023169
59.5            | Bi2O3_10Wt      | 8               | 10000000   | 4362741    | 0.436274        | 0.00020887
59.5            | Bi2O3_10Wt      | 10              | 10000000   | 3545972    | 0.354597        | 0.00018831
59.5            | Bi2O3_15Wt      | 2               | 10000000   | 7499178    | 0.749918        | 0.00027385
59.5            | Bi2O3_15Wt      | 4               | 10000000   | 5624733    | 0.562473        | 0.00023717
59.5            | Bi2O3_15Wt      | 6               | 10000000   | 4219758    | 0.421976        | 0.00020542
59.5            | Bi2O3_15Wt      | 8               | 10000000   | 3164676    | 0.316468        | 0.00017790
59.5            | Bi2O3_15Wt      | 10              | 10000000   | 2373630    | 0.237363        | 0.00015407
59.5            | Bi2O3_20Wt      | 2               | 10000000   | 6865704    | 0.68657         | 0.00026202
59.5            | Bi2O3_20Wt      | 4               | 10000000   | 4714544    | 0.471454        | 0.00021713
59.5            | Bi2O3_20Wt      | 6               | 10000000   | 3237539    | 0.323754        | 0.00017993
59.5            | Bi2O3_20Wt      | 8               | 10000000   | 2222972    | 0.222297        | 0.00014910
59.5            | Bi2O3_20Wt      | 10              | 10000000   | 1526416    | 0.152642        | 0.00012355
59.5            | Bi2O3_25Wt      | 2               | 10000000   | 6224775    | 0.622478        | 0.00024949
59.5            | Bi2O3_25Wt      | 4               | 10000000   | 3875656    | 0.387566        | 0.00019687
59.5            | Bi2O3_25Wt      | 6               | 10000000   | 2413524    | 0.241352        | 0.00015536
59.5            | Bi2O3_25Wt      | 8               | 10000000   | 1502642    | 0.150264        | 0.00012258
59.5            | Bi2O3_25Wt      | 10              | 10000000   | 935100     | 0.09351         | 0.00009670
59.5            | Bi2O3_30Wt      | 2               | 10000000   | 5583092    | 0.558309        | 0.00023629
59.5            | Bi2O3_30Wt      | 4               | 10000000   | 3117348    | 0.311735        | 0.00017656
59.5            | Bi2O3_30Wt      | 6               | 10000000   | 1740808    | 0.174081        | 0.00013194
59.5            | Bi2O3_30Wt      | 8               | 10000000   | 971508     | 0.0971508       | 0.00009857
59.5            | Bi2O3_30Wt      | 10              | 10000000   | 542699     | 0.0542699       | 0.00007367
59.5            | Ti3C2O2_5Wt     | 2               | 10000000   | 9275320    | 0.927532        | 0.00030455
59.5            | Ti3C2O2_5Wt     | 4               | 10000000   | 8602756    | 0.860276        | 0.00029330
59.5            | Ti3C2O2_5Wt     | 6               | 10000000   | 7980958    | 0.798096        | 0.00028251
59.5            | Ti3C2O2_5Wt     | 8               | 10000000   | 7403466    | 0.740347        | 0.00027209
59.5            | Ti3C2O2_5Wt     | 10              | 10000000   | 6868313    | 0.686831        | 0.00026207
59.5            | Ti3C2O2_10Wt    | 2               | 10000000   | 9199219    | 0.919922        | 0.00030330
59.5            | Ti3C2O2_10Wt    | 4               | 10000000   | 8461972    | 0.846197        | 0.00029089
59.5            | Ti3C2O2_10Wt    | 6               | 10000000   | 7785494    | 0.778549        | 0.00027902
59.5            | Ti3C2O2_10Wt    | 8               | 10000000   | 7164136    | 0.716414        | 0.00026766
59.5            | Ti3C2O2_10Wt    | 10              | 10000000   | 6590009    | 0.659001        | 0.00025671
59.5            | Ti3C2O2_15Wt    | 2               | 10000000   | 9117068    | 0.911707        | 0.00030194
59.5            | Ti3C2O2_15Wt    | 4               | 10000000   | 8311572    | 0.831157        | 0.00028830
59.5            | Ti3C2O2_15Wt    | 6               | 10000000   | 7579670    | 0.757967        | 0.00027531
59.5            | Ti3C2O2_15Wt    | 8               | 10000000   | 6911069    | 0.691107        | 0.00026289
59.5            | Ti3C2O2_15Wt    | 10              | 10000000   | 6301697    | 0.63017         | 0.00025103
59.5            | Ti3C2O2_20Wt    | 2               | 10000000   | 9028617    | 0.902862        | 0.00030048
59.5            | Ti3C2O2_20Wt    | 4               | 10000000   | 8151578    | 0.815158        | 0.00028551
59.5            | Ti3C2O2_20Wt    | 6               | 10000000   | 7361449    | 0.736145        | 0.00027132
59.5            | Ti3C2O2_20Wt    | 8               | 10000000   | 6646376    | 0.664638        | 0.00025781
59.5            | Ti3C2O2_20Wt    | 10              | 10000000   | 6002208    | 0.600221        | 0.00024499
59.5            | Ti3C2O2_25Wt    | 2               | 10000000   | 8932612    | 0.893261        | 0.00029887
59.5            | Ti3C2O2_25Wt    | 4               | 10000000   | 7980092    | 0.798009        | 0.00028249
59.5            | Ti3C2O2_25Wt    | 6               | 10000000   | 7129822    | 0.712982        | 0.00026702
59.5            | Ti3C2O2_25Wt    | 8               | 10000000   | 6369905    | 0.636991        | 0.00025239
59.5            | Ti3C2O2_25Wt    | 10              | 10000000   | 5690386    | 0.569039        | 0.00023855
59.5            | Ti3C2O2_30Wt    | 2               | 10000000   | 8828978    | 0.882898        | 0.00029714
59.5            | Ti3C2O2_30Wt    | 4               | 10000000   | 7796052    | 0.779605        | 0.00027921
59.5            | Ti3C2O2_30Wt    | 6               | 10000000   | 6884588    | 0.688459        | 0.00026238
59.5            | Ti3C2O2_30Wt    | 8               | 10000000   | 6079350    | 0.607935        | 0.00024656
59.5            | Ti3C2O2_30Wt    | 10              | 10000000   | 5368509    | 0.536851        | 0.00023170
356             | PPS_0Wt         | 2               | 10000000   | 9723040    | 0.972304        | 0.00031182
356             | PPS_0Wt         | 4               | 10000000   | 9453400    | 0.94534         | 0.00030746
356             | PPS_0Wt         | 6               | 10000000   | 9191273    | 0.919127        | 0.00030317
356             | PPS_0Wt         | 8               | 10000000   | 8937491    | 0.893749        | 0.00029896
356             | PPS_0Wt         | 10              | 10000000   | 8690675    | 0.869067        | 0.00029480
356             | Pb_5Wt          | 2               | 10000000   | 9685647    | 0.968565        | 0.00031122
356             | Pb_5Wt          | 4               | 10000000   | 9380564    | 0.938056        | 0.00030628
356             | Pb_5Wt          | 6               | 10000000   | 9085190    | 0.908519        | 0.00030142
356             | Pb_5Wt          | 8               | 10000000   | 8800072    | 0.880007        | 0.00029665
356             | Pb_5Wt          | 10              | 10000000   | 8523873    | 0.852387        | 0.00029196
356             | Pb_10Wt         | 2               | 10000000   | 9644211    | 0.964421        | 0.00031055
356             | Pb_10Wt         | 4               | 10000000   | 9300839    | 0.930084        | 0.00030497
356             | Pb_10Wt         | 6               | 10000000   | 8970012    | 0.897001        | 0.00029950
356             | Pb_10Wt         | 8               | 10000000   | 8651736    | 0.865174        | 0.00029414
356             | Pb_10Wt         | 10              | 10000000   | 8344632    | 0.834463        | 0.00028887
356             | Pb_15Wt         | 2               | 10000000   | 9598880    | 0.959888        | 0.00030982
356             | Pb_15Wt         | 4               | 10000000   | 9214486    | 0.921449        | 0.00030355
356             | Pb_15Wt         | 6               | 10000000   | 8844530    | 0.884453        | 0.00029740
356             | Pb_15Wt         | 8               | 10000000   | 8491084    | 0.849108        | 0.00029139
356             | Pb_15Wt         | 10              | 10000000   | 8151442    | 0.815144        | 0.00028551
356             | Pb_20Wt         | 2               | 10000000   | 9549158    | 0.954916        | 0.00030902
356             | Pb_20Wt         | 4               | 10000000   | 9119137    | 0.911914        | 0.00030198
356             | Pb_20Wt         | 6               | 10000000   | 8707561    | 0.870756        | 0.00029509
356             | Pb_20Wt         | 8               | 10000000   | 8316805    | 0.831681        | 0.00028839
356             | Pb_20Wt         | 10              | 10000000   | 7942695    | 0.794269        | 0.00028183
356             | Pb_25Wt         | 2               | 10000000   | 9494465    | 0.949446        | 0.00030813
356             | Pb_25Wt         | 4               | 10000000   | 9014623    | 0.901462        | 0.00030024
356             | Pb_25Wt         | 6               | 10000000   | 8558411    | 0.855841        | 0.00029255
356             | Pb_25Wt         | 8               | 10000000   | 8126458    | 0.812646        | 0.00028507
356             | Pb_25Wt         | 10              | 10000000   | 7716133    | 0.771613        | 0.00027778
356             | Pb_30Wt         | 2               | 10000000   | 9433171    | 0.943317        | 0.00030713
356             | Pb_30Wt         | 4               | 10000000   | 8898507    | 0.889851        | 0.00029830
356             | Pb_30Wt         | 6               | 10000000   | 8394311    | 0.839431        | 0.00028973
356             | Pb_30Wt         | 8               | 10000000   | 7919169    | 0.791917        | 0.00028141
356             | Pb_30Wt         | 10              | 10000000   | 7471369    | 0.747137        | 0.00027334
356             | BaSO4_5Wt       | 2               | 10000000   | 9710008    | 0.971001        | 0.00031161
356             | BaSO4_5Wt       | 4               | 10000000   | 9428078    | 0.942808        | 0.00030705
356             | BaSO4_5Wt       | 6               | 10000000   | 9154623    | 0.915462        | 0.00030257
356             | BaSO4_5Wt       | 8               | 10000000   | 8889635    | 0.888964        | 0.00029815
356             | BaSO4_5Wt       | 10              | 10000000   | 8632335    | 0.863233        | 0.00029381
356             | BaSO4_10Wt      | 2               | 10000000   | 9695899    | 0.96959         | 0.00031138
356             | BaSO4_10Wt      | 4               | 10000000   | 9400658    | 0.940066        | 0.00030660
356             | BaSO4_10Wt      | 6               | 10000000   | 9114599    | 0.91146         | 0.00030190
356             | BaSO4_10Wt      | 8               | 10000000   | 8838380    | 0.883838        | 0.00029729
356             | BaSO4_10Wt      | 10              | 10000000   | 8570180    | 0.857018        | 0.00029275
356             | BaSO4_15Wt      | 2               | 10000000   | 9680743    | 0.968074        | 0.00031114
356             | BaSO4_15Wt      | 4               | 10000000   | 9371327    | 0.937133        | 0.00030613
356             | BaSO4_15Wt      | 6               | 10000000   | 9071808    | 0.907181        | 0.00030119
356             | BaSO4_15Wt      | 8               | 10000000   | 8783259    | 0.878326        | 0.00029637
356             | BaSO4_15Wt      | 10              | 10000000   | 8502955    | 0.850295        | 0.00029160
356             | BaSO4_20Wt      | 2               | 10000000   | 9664097    | 0.96641         | 0.00031087
356             | BaSO4_20Wt      | 4               | 10000000   | 9339827    | 0.933983        | 0.00030561
356             | BaSO4_20Wt      | 6               | 10000000   | 9025602    | 0.90256         | 0.00030043
356             | BaSO4_20Wt      | 8               | 10000000   | 8724034    | 0.872403        | 0.00029536
356             | BaSO4_20Wt      | 10              | 10000000   | 8431627    | 0.843163        | 0.00029037
356             | BaSO4_25Wt      | 2               | 10000000   | 9646218    | 0.964622        | 0.00031058
356             | BaSO4_25Wt      | 4               | 10000000   | 9305620    | 0.930562        | 0.00030505
356             | BaSO4_25Wt      | 6               | 10000000   | 8975802    | 0.89758         | 0.00029960
356             | BaSO4_25Wt      | 8               | 10000000   | 8659826    | 0.865983        | 0.00029428
356             | BaSO4_25Wt      | 10              | 10000000   | 8354499    | 0.83545         | 0.00028904
356             | BaSO4_30Wt      | 2               | 10000000   | 9627032    | 0.962703        | 0.00031027
356             | BaSO4_30Wt      | 4               | 10000000   | 9268548    | 0.926855        | 0.00030444
356             | BaSO4_30Wt      | 6               | 10000000   | 8922466    | 0.892247        | 0.00029870
356             | BaSO4_30Wt      | 8               | 10000000   | 8591057    | 0.859106        | 0.00029311
356             | BaSO4_30Wt      | 10              | 10000000   | 8271635    | 0.827164        | 0.00028760
356             | W_5Wt           | 2               | 10000000   | 9692007    | 0.969201        | 0.00031132
356             | W_5Wt           | 4               | 10000000   | 9392883    | 0.939288        | 0.00030648
356             | W_5Wt           | 6               | 10000000   | 9103203    | 0.91032         | 0.00030172
356             | W_5Wt           | 8               | 10000000   | 8823334    | 0.882333        | 0.00029704
356             | W_5Wt           | 10              | 10000000   | 8551829    | 0.855183        | 0.00029244
356             | W_10Wt          | 2               | 10000000   | 9657418    | 0.965742        | 0.00031076
356             | W_10Wt          | 4               | 10000000   | 9326088    | 0.932609        | 0.00030539
356             | W_10Wt          | 6               | 10000000   | 9006388    | 0.900639        | 0.00030011
356             | W_10Wt          | 8               | 10000000   | 8699238    | 0.869924        | 0.00029494
356             | W_10Wt          | 10              | 10000000   | 8401521    | 0.840152        | 0.00028985
356             | W_15Wt          | 2               | 10000000   | 9619174    | 0.961917        | 0.00031015
356             | W_15Wt          | 4               | 10000000   | 9253473    | 0.925347        | 0.00030420
356             | W_15Wt          | 6               | 10000000   | 8900875    | 0.890088        | 0.00029834
356             | W_15Wt          | 8               | 10000000   | 8563376    | 0.856338        | 0.00029263
356             | W_15Wt          | 10              | 10000000   | 8238180    | 0.823818        | 0.00028702
356             | W_20Wt          | 2               | 10000000   | 9576963    | 0.957696        | 0.00030947
356             | W_20Wt          | 4               | 10000000   | 9172681    | 0.917268        | 0.00030286
356             | W_20Wt          | 6               | 10000000   | 8784445    | 0.878444        | 0.00029639
356             | W_20Wt          | 8               | 10000000   | 8414439    | 0.841444        | 0.00029008
356             | W_20Wt          | 10              | 10000000   | 8059242    | 0.805924        | 0.00028389
356             | W_25Wt          | 2               | 10000000   | 9530101    | 0.95301         | 0.00030871
356             | W_25Wt          | 4               | 10000000   | 9082798    | 0.90828         | 0.00030138
356             | W_25Wt          | 6               | 10000000   | 8656077    | 0.865608        | 0.00029421
356             | W_25Wt          | 8               | 10000000   | 8250406    | 0.825041        | 0.00028724
356             | W_25Wt          | 10              | 10000000   | 7863599    | 0.78636         | 0.00028042
356             | W_30Wt          | 2               | 10000000   | 9477801    | 0.94778         | 0.00030786
356             | W_30Wt          | 4               | 10000000   | 8982615    | 0.898262        | 0.00029971
356             | W_30Wt          | 6               | 10000000   | 8513242    | 0.851324        | 0.00029177
356             | W_30Wt          | 8               | 10000000   | 8069271    | 0.806927        | 0.00028406
356             | W_30Wt          | 10              | 10000000   | 7647897    | 0.76479         | 0.00027655
356             | Bi2O3_5Wt       | 2               | 10000000   | 9687595    | 0.968759        | 0.00031125
356             | Bi2O3_5Wt       | 4               | 10000000   | 9384513    | 0.938451        | 0.00030634
356             | Bi2O3_5Wt       | 6               | 10000000   | 9090812    | 0.909081        | 0.00030151
356             | Bi2O3_5Wt       | 8               | 10000000   | 8807491    | 0.880749        | 0.00029677
356             | Bi2O3_5Wt       | 10              | 10000000   | 8532679    | 0.853268        | 0.00029211
356             | Bi2O3_10Wt      | 2               | 10000000   | 9648654    | 0.964865        | 0.00031062
356             | Bi2O3_10Wt      | 4               | 10000000   | 9309402    | 0.93094         | 0.00030511
356             | Bi2O3_10Wt      | 6               | 10000000   | 8982525    | 0.898253        | 0.00029971
356             | Bi2O3_10Wt      | 8               | 10000000   | 8667630    | 0.866763        | 0.00029441
356             | Bi2O3_10Wt      | 10              | 10000000   | 8363597    | 0.83636         | 0.00028920
356             | Bi2O3_15Wt      | 2               | 10000000   | 9605919    | 0.960592        | 0.00030993
356             | Bi2O3_15Wt      | 4               | 10000000   | 9228259    | 0.922826        | 0.00030378
356             | Bi2O3_15Wt      | 6               | 10000000   | 8864290    | 0.886429        | 0.00029773
356             | Bi2O3_15Wt      | 8               | 10000000   | 8516458    | 0.851646        | 0.00029183
356             | Bi2O3_15Wt      | 10              | 10000000   | 8182005    | 0.8182          | 0.00028604
356             | Bi2O3_20Wt      | 2               | 10000000   | 9559485    | 0.955948        | 0.00030918
356             | Bi2O3_20Wt      | 4               | 10000000   | 9138889    | 0.913889        | 0.00030231
356             | Bi2O3_20Wt      | 6               | 10000000   | 8736119    | 0.873612        | 0.00029557
356             | Bi2O3_20Wt      | 8               | 10000000   | 8353272    | 0.835327        | 0.00028902
356             | Bi2O3_20Wt      | 10              | 10000000   | 7986218    | 0.798622        | 0.00028260
356             | Bi2O3_25Wt      | 2               | 10000000   | 9508663    | 0.950866        | 0.00030836
356             | Bi2O3_25Wt      | 4               | 10000000   | 9041459    | 0.904146        | 0.00030069
356             | Bi2O3_25Wt      | 6               | 10000000   | 8596638    | 0.859664        | 0.00029320
356             | Bi2O3_25Wt      | 8               | 10000000   | 8175526    | 0.817553        | 0.00028593
356             | Bi2O3_25Wt      | 10              | 10000000   | 7773927    | 0.777393        | 0.00027882
356             | Bi2O3_30Wt      | 2               | 10000000   | 9452007    | 0.945201        | 0.00030744
356             | Bi2O3_30Wt      | 4               | 10000000   | 8933765    | 0.893377        | 0.00029889
356             | Bi2O3_30Wt      | 6               | 10000000   | 8444349    | 0.844435        | 0.00029059
356             | Bi2O3_30Wt      | 8               | 10000000   | 7982152    | 0.798215        | 0.00028253
356             | Bi2O3_30Wt      | 10              | 10000000   | 7545236    | 0.754524        | 0.00027469
356             | Ti3C2O2_5Wt     | 2               | 10000000   | 9713316    | 0.971332        | 0.00031166
356             | Ti3C2O2_5Wt     | 4               | 10000000   | 9434503    | 0.94345         | 0.00030716
356             | Ti3C2O2_5Wt     | 6               | 10000000   | 9163871    | 0.916387        | 0.00030272
356             | Ti3C2O2_5Wt     | 8               | 10000000   | 8902098    | 0.89021         | 0.00029836
356             | Ti3C2O2_5Wt     | 10              | 10000000   | 8647506    | 0.864751        | 0.00029407
356             | Ti3C2O2_10Wt    | 2               | 10000000   | 9702649    | 0.970265        | 0.00031149
356             | Ti3C2O2_10Wt    | 4               | 10000000   | 9414098    | 0.94141         | 0.00030682
356             | Ti3C2O2_10Wt    | 6               | 10000000   | 9134034    | 0.913403        | 0.00030223
356             | Ti3C2O2_10Wt    | 8               | 10000000   | 8863947    | 0.886395        | 0.00029772
356             | Ti3C2O2_10Wt    | 10              | 10000000   | 8601029    | 0.860103        | 0.00029328
356             | Ti3C2O2_15Wt    | 2               | 10000000   | 9691254    | 0.969125        | 0.00031131
356             | Ti3C2O2_15Wt    | 4               | 10000000   | 9392168    | 0.939217        | 0.00030647
356             | Ti3C2O2_15Wt    | 6               | 10000000   | 9102068    | 0.910207        | 0.00030170
356             | Ti3C2O2_15Wt    | 8               | 10000000   | 8822735    | 0.882274        | 0.00029703
356             | Ti3C2O2_15Wt    | 10              | 10000000   | 8551307    | 0.855131        | 0.00029243
356             | Ti3C2O2_20Wt    | 2               | 10000000   | 9678665    | 0.967866        | 0.00031111
356             | Ti3C2O2_20Wt    | 4               | 10000000   | 9368177    | 0.936818        | 0.00030607
356             | Ti3C2O2_20Wt    | 6               | 10000000   | 9067102    | 0.90671         | 0.00030112
356             | Ti3C2O2_20Wt    | 8               | 10000000   | 8778028    | 0.877803        | 0.00029628
356             | Ti3C2O2_20Wt    | 10              | 10000000   | 8497156    | 0.849716        | 0.00029150
356             | Ti3C2O2_25Wt    | 2               | 10000000   | 9665259    | 0.966526        | 0.00031089
356             | Ti3C2O2_25Wt    | 4               | 10000000   | 9342291    | 0.934229        | 0.00030565
356             | Ti3C2O2_25Wt    | 6               | 10000000   | 9029703    | 0.90297         | 0.00030049
356             | Ti3C2O2_25Wt    | 8               | 10000000   | 8728901    | 0.87289         | 0.00029545
356             | Ti3C2O2_25Wt    | 10              | 10000000   | 8437875    | 0.843788        | 0.00029048
356             | Ti3C2O2_30Wt    | 2               | 10000000   | 9650670    | 0.965067        | 0.00031066
356             | Ti3C2O2_30Wt    | 4               | 10000000   | 9313674    | 0.931367        | 0.00030518
356             | Ti3C2O2_30Wt    | 6               | 10000000   | 8988622    | 0.898862        | 0.00029981
356             | Ti3C2O2_30Wt    | 8               | 10000000   | 8675966    | 0.867597        | 0.00029455
356             | Ti3C2O2_30Wt    | 10              | 10000000   | 8373853    | 0.837385        | 0.00028938
511             | PPS_0Wt         | 2               | 10000000   | 9760922    | 0.976092        | 0.00031242
511             | PPS_0Wt         | 4               | 10000000   | 9526821    | 0.952682        | 0.00030866
511             | PPS_0Wt         | 6               | 10000000   | 9298838    | 0.929884        | 0.00030494
511             | PPS_0Wt         | 8               | 10000000   | 9075765    | 0.907577        | 0.00030126
511             | PPS_0Wt         | 10              | 10000000   | 8860044    | 0.886004        | 0.00029766
511             | Pb_5Wt          | 2               | 10000000   | 9740946    | 0.974095        | 0.00031210
511             | Pb_5Wt          | 4               | 10000000   | 9488111    | 0.948811        | 0.00030803
511             | Pb_5Wt          | 6               | 10000000   | 9242209    | 0.924221        | 0.00030401
511             | Pb_5Wt          | 8               | 10000000   | 9002364    | 0.900236        | 0.00030004
511             | Pb_5Wt          | 10              | 10000000   | 8770040    | 0.877004        | 0.00029614
511             | Pb_10Wt         | 2               | 10000000   | 9719011    | 0.971901        | 0.00031175
511             | Pb_10Wt         | 4               | 10000000   | 9445623    | 0.944562        | 0.00030734
511             | Pb_10Wt         | 6               | 10000000   | 9179827    | 0.917983        | 0.00030298
511             | Pb_10Wt         | 8               | 10000000   | 8921745    | 0.892174        | 0.00029869
511             | Pb_10Wt         | 10              | 10000000   | 8671935    | 0.867193        | 0.00029448
511             | Pb_15Wt         | 2               | 10000000   | 9694985    | 0.969499        | 0.00031137
511             | Pb_15Wt         | 4               | 10000000   | 9398892    | 0.939889        | 0.00030658
511             | Pb_15Wt         | 6               | 10000000   | 9111877    | 0.911188        | 0.00030186
511             | Pb_15Wt         | 8               | 10000000   | 8834278    | 0.883428        | 0.00029723
511             | Pb_15Wt         | 10              | 10000000   | 8565300    | 0.85653         | 0.00029267
511             | Pb_20Wt         | 2               | 10000000   | 9668453    | 0.966845        | 0.00031094
511             | Pb_20Wt         | 4               | 10000000   | 9347341    | 0.934734        | 0.00030573
511             | Pb_20Wt         | 6               | 10000000   | 9037558    | 0.903756        | 0.00030063
511             | Pb_20Wt         | 8               | 10000000   | 8738120    | 0.873812        | 0.00029560
511             | Pb_20Wt         | 10              | 10000000   | 8449049    | 0.844905        | 0.00029067
511             | Pb_25Wt         | 2               | 10000000   | 9638806    | 0.963881        | 0.00031046
511             | Pb_25Wt         | 4               | 10000000   | 9290606    | 0.929061        | 0.00030480
511             | Pb_25Wt         | 6               | 10000000   | 8955048    | 0.895505        | 0.00029925
511             | Pb_25Wt         | 8               | 10000000   | 8632543    | 0.863254        | 0.00029381
511             | Pb_25Wt         | 10              | 10000000   | 8321041    | 0.832104        | 0.00028846
511             | Pb_30Wt         | 2               | 10000000   | 9605726    | 0.960573        | 0.00030993
511             | Pb_30Wt         | 4               | 10000000   | 9227575    | 0.922758        | 0.00030377
511             | Pb_30Wt         | 6               | 10000000   | 8863501    | 0.88635         | 0.00029772
511             | Pb_30Wt         | 8               | 10000000   | 8515256    | 0.851526        | 0.00029181
511             | Pb_30Wt         | 10              | 10000000   | 8180553    | 0.818055        | 0.00028602
511             | BaSO4_5Wt       | 2               | 10000000   | 9751675    | 0.975167        | 0.00031228
511             | BaSO4_5Wt       | 4               | 10000000   | 9509324    | 0.950932        | 0.00030837
511             | BaSO4_5Wt       | 6               | 10000000   | 9273367    | 0.927337        | 0.00030452
511             | BaSO4_5Wt       | 8               | 10000000   | 9042859    | 0.904286        | 0.00030071
511             | BaSO4_5Wt       | 10              | 10000000   | 8819715    | 0.881972        | 0.00029698
511             | BaSO4_10Wt      | 2               | 10000000   | 9741971    | 0.974197        | 0.00031212
511             | BaSO4_10Wt      | 4               | 10000000   | 9490691    | 0.949069        | 0.00030807
511             | BaSO4_10Wt      | 6               | 10000000   | 9245779    | 0.924578        | 0.00030407
511             | BaSO4_10Wt      | 8               | 10000000   | 9007355    | 0.900736        | 0.00030012
511             | BaSO4_10Wt      | 10              | 10000000   | 8776186    | 0.877619        | 0.00029625
511             | BaSO4_15Wt      | 2               | 10000000   | 9731683    | 0.973168        | 0.00031196
511             | BaSO4_15Wt      | 4               | 10000000   | 9470577    | 0.947058        | 0.00030774
511             | BaSO4_15Wt      | 6               | 10000000   | 9216189    | 0.921619        | 0.00030358
511             | BaSO4_15Wt      | 8               | 10000000   | 8969097    | 0.89691         | 0.00029948
511             | BaSO4_15Wt      | 10              | 10000000   | 8729484    | 0.872948        | 0.00029546
511             | BaSO4_20Wt      | 2               | 10000000   | 9720683    | 0.972068        | 0.00031178
511             | BaSO4_20Wt      | 4               | 10000000   | 9448567    | 0.944857        | 0.00030739
511             | BaSO4_20Wt      | 6               | 10000000   | 9184150    | 0.918415        | 0.00030305
511             | BaSO4_20Wt      | 8               | 10000000   | 8927944    | 0.892794        | 0.00029880
511             | BaSO4_20Wt      | 10              | 10000000   | 8679253    | 0.867925        | 0.00029461
511             | BaSO4_25Wt      | 2               | 10000000   | 9708536    | 0.970854        | 0.00031159
511             | BaSO4_25Wt      | 4               | 10000000   | 9424918    | 0.942492        | 0.00030700
511             | BaSO4_25Wt      | 6               | 10000000   | 9149869    | 0.914987        | 0.00030249
511             | BaSO4_25Wt      | 8               | 10000000   | 8883590    | 0.888359        | 0.00029805
511             | BaSO4_25Wt      | 10              | 10000000   | 8624865    | 0.862487        | 0.00029368
511             | BaSO4_30Wt      | 2               | 10000000   | 9695195    | 0.969519        | 0.00031137
511             | BaSO4_30Wt      | 4               | 10000000   | 9399151    | 0.939915        | 0.00030658
511             | BaSO4_30Wt      | 6               | 10000000   | 9112641    | 0.911264        | 0.00030187
511             | BaSO4_30Wt      | 8               | 10000000   | 8835335    | 0.883533        | 0.00029724
511             | BaSO4_30Wt      | 10              | 10000000   | 8566394    | 0.856639        | 0.00029268
511             | W_5Wt           | 2               | 10000000   | 9743283    | 0.974328        | 0.00031214
511             | W_5Wt           | 4               | 10000000   | 9492708    | 0.949271        | 0.00030810
511             | W_5Wt           | 6               | 10000000   | 9248885    | 0.924889        | 0.00030412
511             | W_5Wt           | 8               | 10000000   | 9011122    | 0.901112        | 0.00030019
511             | W_5Wt           | 10              | 10000000   | 8780890    | 0.878089        | 0.00029633
511             | W_10Wt          | 2               | 10000000   | 9723956    | 0.972396        | 0.00031183
511             | W_10Wt          | 4               | 10000000   | 9455061    | 0.945506        | 0.00030749
511             | W_10Wt          | 6               | 10000000   | 9193866    | 0.919387        | 0.00030321
511             | W_10Wt          | 8               | 10000000   | 8939775    | 0.893977        | 0.00029899
511             | W_10Wt          | 10              | 10000000   | 8693795    | 0.869379        | 0.00029485
511             | W_15Wt          | 2               | 10000000   | 9702621    | 0.970262        | 0.00031149
511             | W_15Wt          | 4               | 10000000   | 9413518    | 0.941352        | 0.00030681
511             | W_15Wt          | 6               | 10000000   | 9133016    | 0.913302        | 0.00030221
511             | W_15Wt          | 8               | 10000000   | 8861510    | 0.886151        | 0.00029768
511             | W_15Wt          | 10              | 10000000   | 8598438    | 0.859844        | 0.00029323
511             | W_20Wt          | 2               | 10000000   | 9678811    | 0.967881        | 0.00031111
511             | W_20Wt          | 4               | 10000000   | 9367154    | 0.936715        | 0.00030606
511             | W_20Wt          | 6               | 10000000   | 9066036    | 0.906604        | 0.00030110
511             | W_20Wt          | 8               | 10000000   | 8775288    | 0.877529        | 0.00029623
511             | W_20Wt          | 10              | 10000000   | 8493620    | 0.849362        | 0.00029144
511             | W_25Wt          | 2               | 10000000   | 9651924    | 0.965192        | 0.00031068
511             | W_25Wt          | 4               | 10000000   | 9315740    | 0.931574        | 0.00030522
511             | W_25Wt          | 6               | 10000000   | 8991329    | 0.899133        | 0.00029986
511             | W_25Wt          | 8               | 10000000   | 8679368    | 0.867937        | 0.00029461
511             | W_25Wt          | 10              | 10000000   | 8377574    | 0.837757        | 0.00028944
511             | W_30Wt          | 2               | 10000000   | 9621721    | 0.962172        | 0.00031019
511             | W_30Wt          | 4               | 10000000   | 9258116    | 0.925812        | 0.00030427
511             | W_30Wt          | 6               | 10000000   | 8907937    | 0.890794        | 0.00029846
511             | W_30Wt          | 8               | 10000000   | 8572366    | 0.857237        | 0.00029279
511             | W_30Wt          | 10              | 10000000   | 8249058    | 0.824906        | 0.00028721
511             | Bi2O3_5Wt       | 2               | 10000000   | 9741783    | 0.974178        | 0.00031212
511             | Bi2O3_5Wt       | 4               | 10000000   | 9489905    | 0.94899         | 0.00030806
511             | Bi2O3_5Wt       | 6               | 10000000   | 9244777    | 0.924478        | 0.00030405
511             | Bi2O3_5Wt       | 8               | 10000000   | 9005591    | 0.900559        | 0.00030009
511             | Bi2O3_5Wt       | 10              | 10000000   | 8774161    | 0.877416        | 0.00029621
511             | Bi2O3_10Wt      | 2               | 10000000   | 9721029    | 0.972103        | 0.00031179
511             | Bi2O3_10Wt      | 4               | 10000000   | 9449516    | 0.944952        | 0.00030740
511             | Bi2O3_10Wt      | 6               | 10000000   | 9185433    | 0.918543        | 0.00030307
511             | Bi2O3_10Wt      | 8               | 10000000   | 8928989    | 0.892899        | 0.00029881
511             | Bi2O3_10Wt      | 10              | 10000000   | 8680852    | 0.868085        | 0.00029463
511             | Bi2O3_15Wt      | 2               | 10000000   | 9698317    | 0.969832        | 0.00031142
511             | Bi2O3_15Wt      | 4               | 10000000   | 9405272    | 0.940527        | 0.00030668
511             | Bi2O3_15Wt      | 6               | 10000000   | 9121100    | 0.91211         | 0.00030201
511             | Bi2O3_15Wt      | 8               | 10000000   | 8846006    | 0.884601        | 0.00029742
511             | Bi2O3_15Wt      | 10              | 10000000   | 8579747    | 0.857975        | 0.00029291
511             | Bi2O3_20Wt      | 2               | 10000000   | 9673282    | 0.967328        | 0.00031102
511             | Bi2O3_20Wt      | 4               | 10000000   | 9356639    | 0.935664        | 0.00030589
511             | Bi2O3_20Wt      | 6               | 10000000   | 9050785    | 0.905079        | 0.00030085
511             | Bi2O3_20Wt      | 8               | 10000000   | 8755475    | 0.875548        | 0.00029590
511             | Bi2O3_20Wt      | 10              | 10000000   | 8469743    | 0.846974        | 0.00029103
511             | Bi2O3_25Wt      | 2               | 10000000   | 9645382    | 0.964538        | 0.00031057
511             | Bi2O3_25Wt      | 4               | 10000000   | 9303183    | 0.930318        | 0.00030501
511             | Bi2O3_25Wt      | 6               | 10000000   | 8973280    | 0.897328        | 0.00029955
511             | Bi2O3_25Wt      | 8               | 10000000   | 8655667    | 0.865567        | 0.00029421
511             | Bi2O3_25Wt      | 10              | 10000000   | 8349293    | 0.834929        | 0.00028895
511             | Bi2O3_30Wt      | 2               | 10000000   | 9614364    | 0.961436        | 0.00031007
511             | Bi2O3_30Wt      | 4               | 10000000   | 9244401    | 0.92444         | 0.00030405
511             | Bi2O3_30Wt      | 6               | 10000000   | 8887507    | 0.888751        | 0.00029812
511             | Bi2O3_30Wt      | 8               | 10000000   | 8546581    | 0.854658        | 0.00029235
511             | Bi2O3_30Wt      | 10              | 10000000   | 8217820    | 0.821782        | 0.00028667
511             | Ti3C2O2_5Wt     | 2               | 10000000   | 9752449    | 0.975245        | 0.00031229
511             | Ti3C2O2_5Wt     | 4               | 10000000   | 9510632    | 0.951063        | 0.00030839
511             | Ti3C2O2_5Wt     | 6               | 10000000   | 9275326    | 0.927533        | 0.00030455
511             | Ti3C2O2_5Wt     | 8               | 10000000   | 9045490    | 0.904549        | 0.00030076
511             | Ti3C2O2_5Wt     | 10              | 10000000   | 8822732    | 0.882273        | 0.00029703
511             | Ti3C2O2_10Wt    | 2               | 10000000   | 9743469    | 0.974347        | 0.00031215
511             | Ti3C2O2_10Wt    | 4               | 10000000   | 9493324    | 0.949332        | 0.00030811
511             | Ti3C2O2_10Wt    | 6               | 10000000   | 9249756    | 0.924976        | 0.00030413
511             | Ti3C2O2_10Wt    | 8               | 10000000   | 9012386    | 0.901239        | 0.00030021
511             | Ti3C2O2_10Wt    | 10              | 10000000   | 8782487    | 0.878249        | 0.00029635
511             | Ti3C2O2_15Wt    | 2               | 10000000   | 9733887    | 0.973389        | 0.00031199
511             | Ti3C2O2_15Wt    | 4               | 10000000   | 9474574    | 0.947457        | 0.00030781
511             | Ti3C2O2_15Wt    | 6               | 10000000   | 9222212    | 0.922221        | 0.00030368
511             | Ti3C2O2_15Wt    | 8               | 10000000   | 8976933    | 0.897693        | 0.00029962
511             | Ti3C2O2_15Wt    | 10              | 10000000   | 8738854    | 0.873885        | 0.00029562
511             | Ti3C2O2_20Wt    | 2               | 10000000   | 9723348    | 0.972335        | 0.00031182
511             | Ti3C2O2_20Wt    | 4               | 10000000   | 9453936    | 0.945394        | 0.00030747
511             | Ti3C2O2_20Wt    | 6               | 10000000   | 9192242    | 0.919224        | 0.00030319
511             | Ti3C2O2_20Wt    | 8               | 10000000   | 8938623    | 0.893862        | 0.00029898
511             | Ti3C2O2_20Wt    | 10              | 10000000   | 8692077    | 0.869208        | 0.00029482
511             | Ti3C2O2_25Wt    | 2               | 10000000   | 9711734    | 0.971173        | 0.00031164
511             | Ti3C2O2_25Wt    | 4               | 10000000   | 9431522    | 0.943152        | 0.00030711
511             | Ti3C2O2_25Wt    | 6               | 10000000   | 9159721    | 0.915972        | 0.00030265
511             | Ti3C2O2_25Wt    | 8               | 10000000   | 8896656    | 0.889666        | 0.00029827
511             | Ti3C2O2_25Wt    | 10              | 10000000   | 8640768    | 0.864077        | 0.00029395
511             | Ti3C2O2_30Wt    | 2               | 10000000   | 9699079    | 0.969908        | 0.00031143
511             | Ti3C2O2_30Wt    | 4               | 10000000   | 9407147    | 0.940715        | 0.00030671
511             | Ti3C2O2_30Wt    | 6               | 10000000   | 9123952    | 0.912395        | 0.00030206
511             | Ti3C2O2_30Wt    | 8               | 10000000   | 8850790    | 0.885079        | 0.00029750
511             | Ti3C2O2_30Wt    | 10              | 10000000   | 8585251    | 0.858525        | 0.00029301
662             | PPS_0Wt         | 2               | 10000000   | 9786272    | 0.978627        | 0.00031283
662             | PPS_0Wt         | 4               | 10000000   | 9576641    | 0.957664        | 0.00030946
662             | PPS_0Wt         | 6               | 10000000   | 9371815    | 0.937182        | 0.00030613
662             | PPS_0Wt         | 8               | 10000000   | 9171104    | 0.91711         | 0.00030284
662             | PPS_0Wt         | 10              | 10000000   | 8975341    | 0.897534        | 0.00029959
662             | Pb_5Wt          | 2               | 10000000   | 9772474    | 0.977247        | 0.00031261
662             | Pb_5Wt          | 4               | 10000000   | 9549667    | 0.954967        | 0.00030903
662             | Pb_5Wt          | 6               | 10000000   | 9332509    | 0.933251        | 0.00030549
662             | Pb_5Wt          | 8               | 10000000   | 9119373    | 0.911937        | 0.00030198
662             | Pb_5Wt          | 10              | 10000000   | 8912580    | 0.891258        | 0.00029854
662             | Pb_10Wt         | 2               | 10000000   | 9757588    | 0.975759        | 0.00031237
662             | Pb_10Wt         | 4               | 10000000   | 9519893    | 0.951989        | 0.00030854
662             | Pb_10Wt         | 6               | 10000000   | 9288948    | 0.928895        | 0.00030478
662             | Pb_10Wt         | 8               | 10000000   | 9062881    | 0.906288        | 0.00030105
662             | Pb_10Wt         | 10              | 10000000   | 8843631    | 0.884363        | 0.00029738
662             | Pb_15Wt         | 2               | 10000000   | 9740938    | 0.974094        | 0.00031210
662             | Pb_15Wt         | 4               | 10000000   | 9487521    | 0.948752        | 0.00030802
662             | Pb_15Wt         | 6               | 10000000   | 9241430    | 0.924143        | 0.00030400
662             | Pb_15Wt         | 8               | 10000000   | 9000712    | 0.900071        | 0.00030001
662             | Pb_15Wt         | 10              | 10000000   | 8768517    | 0.876852        | 0.00029612
662             | Pb_20Wt         | 2               | 10000000   | 9722296    | 0.97223         | 0.00031181
662             | Pb_20Wt         | 4               | 10000000   | 9451703    | 0.94517         | 0.00030744
662             | Pb_20Wt         | 6               | 10000000   | 9188913    | 0.918891        | 0.00030313
662             | Pb_20Wt         | 8               | 10000000   | 8933180    | 0.893318        | 0.00029888
662             | Pb_20Wt         | 10              | 10000000   | 8686356    | 0.868636        | 0.00029473
662             | Pb_25Wt         | 2               | 10000000   | 9701697    | 0.97017         | 0.00031148
662             | Pb_25Wt         | 4               | 10000000   | 9411706    | 0.941171        | 0.00030679
662             | Pb_25Wt         | 6               | 10000000   | 9130812    | 0.913081        | 0.00030217
662             | Pb_25Wt         | 8               | 10000000   | 8858675    | 0.885868        | 0.00029764
662             | Pb_25Wt         | 10              | 10000000   | 8595199    | 0.85952         | 0.00029318
662             | Pb_30Wt         | 2               | 10000000   | 9678829    | 0.967883        | 0.00031111
662             | Pb_30Wt         | 4               | 10000000   | 9367638    | 0.936764        | 0.00030607
662             | Pb_30Wt         | 6               | 10000000   | 9066509    | 0.906651        | 0.00030111
662             | Pb_30Wt         | 8               | 10000000   | 8775650    | 0.877565        | 0.00029624
662             | Pb_30Wt         | 10              | 10000000   | 8494038    | 0.849404        | 0.00029145
662             | BaSO4_5Wt       | 2               | 10000000   | 9778807    | 0.977881        | 0.00031271
662             | BaSO4_5Wt       | 4               | 10000000   | 9562208    | 0.956221        | 0.00030923
662             | BaSO4_5Wt       | 6               | 10000000   | 9350884    | 0.935088        | 0.00030579
662             | BaSO4_5Wt       | 8               | 10000000   | 9143641    | 0.914364        | 0.00030238
662             | BaSO4_5Wt       | 10              | 10000000   | 8942215    | 0.894222        | 0.00029904
662             | BaSO4_10Wt      | 2               | 10000000   | 9771140    | 0.977114        | 0.00031259
662             | BaSO4_10Wt      | 4               | 10000000   | 9546721    | 0.954672        | 0.00030898
662             | BaSO4_10Wt      | 6               | 10000000   | 9328532    | 0.932853        | 0.00030543
662             | BaSO4_10Wt      | 8               | 10000000   | 9114407    | 0.911441        | 0.00030190
662             | BaSO4_10Wt      | 10              | 10000000   | 8906626    | 0.890663        | 0.00029844
662             | BaSO4_15Wt      | 2               | 10000000   | 9762721    | 0.976272        | 0.00031245
662             | BaSO4_15Wt      | 4               | 10000000   | 9530224    | 0.953022        | 0.00030871
662             | BaSO4_15Wt      | 6               | 10000000   | 9304390    | 0.930439        | 0.00030503
662             | BaSO4_15Wt      | 8               | 10000000   | 9082743    | 0.908274        | 0.00030138
662             | BaSO4_15Wt      | 10              | 10000000   | 8868208    | 0.886821        | 0.00029780
662             | BaSO4_20Wt      | 2               | 10000000   | 9753548    | 0.975355        | 0.00031231
662             | BaSO4_20Wt      | 4               | 10000000   | 9512750    | 0.951275        | 0.00030843
662             | BaSO4_20Wt      | 6               | 10000000   | 9278280    | 0.927828        | 0.00030460
662             | BaSO4_20Wt      | 8               | 10000000   | 9048656    | 0.904866        | 0.00030081
662             | BaSO4_20Wt      | 10              | 10000000   | 8826979    | 0.882698        | 0.00029710
662             | BaSO4_25Wt      | 2               | 10000000   | 9743490    | 0.974349        | 0.00031215
662             | BaSO4_25Wt      | 4               | 10000000   | 9493467    | 0.949347        | 0.00030811
662             | BaSO4_25Wt      | 6               | 10000000   | 9249937    | 0.924994        | 0.00030414
662             | BaSO4_25Wt      | 8               | 10000000   | 9012381    | 0.901238        | 0.00030021
662             | BaSO4_25Wt      | 10              | 10000000   | 8782447    | 0.878245        | 0.00029635
662             | BaSO4_30Wt      | 2               | 10000000   | 9732825    | 0.973283        | 0.00031197
662             | BaSO4_30Wt      | 4               | 10000000   | 9472488    | 0.947249        | 0.00030777
662             | BaSO4_30Wt      | 6               | 10000000   | 9219194    | 0.921919        | 0.00030363
662             | BaSO4_30Wt      | 8               | 10000000   | 8972848    | 0.897285        | 0.00029955
662             | BaSO4_30Wt      | 10              | 10000000   | 8733854    | 0.873385        | 0.00029553
662             | W_5Wt           | 2               | 10000000   | 9773580    | 0.977358        | 0.00031263
662             | W_5Wt           | 4               | 10000000   | 9551774    | 0.955177        | 0.00030906
662             | W_5Wt           | 6               | 10000000   | 9335699    | 0.93357         | 0.00030554
662             | W_5Wt           | 8               | 10000000   | 9123582    | 0.912358        | 0.00030205
662             | W_5Wt           | 10              | 10000000   | 8917684    | 0.891768        | 0.00029862
662             | W_10Wt          | 2               | 10000000   | 9759780    | 0.975978        | 0.00031241
662             | W_10Wt          | 4               | 10000000   | 9524273    | 0.952427        | 0.00030861
662             | W_10Wt          | 6               | 10000000   | 9295385    | 0.929539        | 0.00030488
662             | W_10Wt          | 8               | 10000000   | 9071310    | 0.907131        | 0.00030119
662             | W_10Wt          | 10              | 10000000   | 8854050    | 0.885405        | 0.00029756
662             | W_15Wt          | 2               | 10000000   | 9744343    | 0.974434        | 0.00031216
662             | W_15Wt          | 4               | 10000000   | 9494245    | 0.949425        | 0.00030813
662             | W_15Wt          | 6               | 10000000   | 9251183    | 0.925118        | 0.00030416
662             | W_15Wt          | 8               | 10000000   | 9013456    | 0.901346        | 0.00030022
662             | W_15Wt          | 10              | 10000000   | 8783859    | 0.878386        | 0.00029638
662             | W_20Wt          | 2               | 10000000   | 9726846    | 0.972685        | 0.00031188
662             | W_20Wt          | 4               | 10000000   | 9460629    | 0.946063        | 0.00030758
662             | W_20Wt          | 6               | 10000000   | 9201931    | 0.920193        | 0.00030335
662             | W_20Wt          | 8               | 10000000   | 8950111    | 0.895011        | 0.00029917
662             | W_20Wt          | 10              | 10000000   | 8706611    | 0.870661        | 0.00029507
662             | W_25Wt          | 2               | 10000000   | 9707440    | 0.970744        | 0.00031157
662             | W_25Wt          | 4               | 10000000   | 9423073    | 0.942307        | 0.00030697
662             | W_25Wt          | 6               | 10000000   | 9146909    | 0.914691        | 0.00030244
662             | W_25Wt          | 8               | 10000000   | 8879497    | 0.88795         | 0.00029798
662             | W_25Wt          | 10              | 10000000   | 8620539    | 0.862054        | 0.00029361
662             | W_30Wt          | 2               | 10000000   | 9685712    | 0.968571        | 0.00031122
662             | W_30Wt          | 4               | 10000000   | 9380684    | 0.938068        | 0.00030628
662             | W_30Wt          | 6               | 10000000   | 9085558    | 0.908556        | 0.00030142
662             | W_30Wt          | 8               | 10000000   | 8800565    | 0.880057        | 0.00029666
662             | W_30Wt          | 10              | 10000000   | 8524521    | 0.852452        | 0.00029197
662             | Bi2O3_5Wt       | 2               | 10000000   | 9773000    | 0.9773          | 0.00031262
662             | Bi2O3_5Wt       | 4               | 10000000   | 9550768    | 0.955077        | 0.00030904
662             | Bi2O3_5Wt       | 6               | 10000000   | 9334065    | 0.933407        | 0.00030552
662             | Bi2O3_5Wt       | 8               | 10000000   | 9121478    | 0.912148        | 0.00030202
662             | Bi2O3_5Wt       | 10              | 10000000   | 8915058    | 0.891506        | 0.00029858
662             | Bi2O3_10Wt      | 2               | 10000000   | 9758781    | 0.975878        | 0.00031239
662             | Bi2O3_10Wt      | 4               | 10000000   | 9522229    | 0.952223        | 0.00030858
662             | Bi2O3_10Wt      | 6               | 10000000   | 9292414    | 0.929241        | 0.00030483
662             | Bi2O3_10Wt      | 8               | 10000000   | 9067309    | 0.906731        | 0.00030112
662             | Bi2O3_10Wt      | 10              | 10000000   | 8849206    | 0.884921        | 0.00029748
662             | Bi2O3_15Wt      | 2               | 10000000   | 9742938    | 0.974294        | 0.00031214
662             | Bi2O3_15Wt      | 4               | 10000000   | 9491384    | 0.949138        | 0.00030808
662             | Bi2O3_15Wt      | 6               | 10000000   | 9247091    | 0.924709        | 0.00030409
662             | Bi2O3_15Wt      | 8               | 10000000   | 9008067    | 0.900807        | 0.00030013
662             | Bi2O3_15Wt      | 10              | 10000000   | 8777559    | 0.877756        | 0.00029627
662             | Bi2O3_20Wt      | 2               | 10000000   | 9725209    | 0.972521        | 0.00031185
662             | Bi2O3_20Wt      | 4               | 10000000   | 9457397    | 0.94574         | 0.00030753
662             | Bi2O3_20Wt      | 6               | 10000000   | 9197030    | 0.919703        | 0.00030327
662             | Bi2O3_20Wt      | 8               | 10000000   | 8943918    | 0.894392        | 0.00029906
662             | Bi2O3_20Wt      | 10              | 10000000   | 8699270    | 0.869927        | 0.00029495
662             | Bi2O3_25Wt      | 2               | 10000000   | 9705719    | 0.970572        | 0.00031154
662             | Bi2O3_25Wt      | 4               | 10000000   | 9419683    | 0.941968        | 0.00030692
662             | Bi2O3_25Wt      | 6               | 10000000   | 9142267    | 0.914227        | 0.00030236
662             | Bi2O3_25Wt      | 8               | 10000000   | 8873244    | 0.887324        | 0.00029788
662             | Bi2O3_25Wt      | 10              | 10000000   | 8613108    | 0.861311        | 0.00029348
662             | Bi2O3_30Wt      | 2               | 10000000   | 9684468    | 0.968447        | 0.00031120
662             | Bi2O3_30Wt      | 4               | 10000000   | 9378028    | 0.937803        | 0.00030624
662             | Bi2O3_30Wt      | 6               | 10000000   | 9081855    | 0.908185        | 0.00030136
662             | Bi2O3_30Wt      | 8               | 10000000   | 8795199    | 0.87952         | 0.00029657
662             | Bi2O3_30Wt      | 10              | 10000000   | 8517795    | 0.85178         | 0.00029185
662             | Ti3C2O2_5Wt     | 2               | 10000000   | 9778900    | 0.97789         | 0.00031271
662             | Ti3C2O2_5Wt     | 4               | 10000000   | 9562118    | 0.956212        | 0.00030923
662             | Ti3C2O2_5Wt     | 6               | 10000000   | 9350861    | 0.935086        | 0.00030579
662             | Ti3C2O2_5Wt     | 8               | 10000000   | 9143487    | 0.914349        | 0.00030238
662             | Ti3C2O2_5Wt     | 10              | 10000000   | 8942073    | 0.894207        | 0.00029903
662             | Ti3C2O2_10Wt    | 2               | 10000000   | 9771021    | 0.977102        | 0.00031259
662             | Ti3C2O2_10Wt    | 4               | 10000000   | 9546492    | 0.954649        | 0.00030897
662             | Ti3C2O2_10Wt    | 6               | 10000000   | 9327974    | 0.932797        | 0.00030542
662             | Ti3C2O2_10Wt    | 8               | 10000000   | 9113776    | 0.911378        | 0.00030189
662             | Ti3C2O2_10Wt    | 10              | 10000000   | 8905998    | 0.8906          | 0.00029843
662             | Ti3C2O2_15Wt    | 2               | 10000000   | 9762465    | 0.976247        | 0.00031245
662             | Ti3C2O2_15Wt    | 4               | 10000000   | 9529771    | 0.952977        | 0.00030870
662             | Ti3C2O2_15Wt    | 6               | 10000000   | 9303369    | 0.930337        | 0.00030501
662             | Ti3C2O2_15Wt    | 8               | 10000000   | 9081586    | 0.908159        | 0.00030136
662             | Ti3C2O2_15Wt    | 10              | 10000000   | 8867135    | 0.886714        | 0.00029778
662             | Ti3C2O2_20Wt    | 2               | 10000000   | 9752879    | 0.975288        | 0.00031230
662             | Ti3C2O2_20Wt    | 4               | 10000000   | 9511582    | 0.951158        | 0.00030841
662             | Ti3C2O2_20Wt    | 6               | 10000000   | 9276651    | 0.927665        | 0.00030458
662             | Ti3C2O2_20Wt    | 8               | 10000000   | 9047171    | 0.904717        | 0.00030079
662             | Ti3C2O2_20Wt    | 10              | 10000000   | 8824885    | 0.882489        | 0.00029707
662             | Ti3C2O2_25Wt    | 2               | 10000000   | 9742604    | 0.97426         | 0.00031213
662             | Ti3C2O2_25Wt    | 4               | 10000000   | 9491659    | 0.949166        | 0.00030809
662             | Ti3C2O2_25Wt    | 6               | 10000000   | 9247367    | 0.924737        | 0.00030409
662             | Ti3C2O2_25Wt    | 8               | 10000000   | 9009480    | 0.900948        | 0.00030016
662             | Ti3C2O2_25Wt    | 10              | 10000000   | 8778794    | 0.877879        | 0.00029629
662             | Ti3C2O2_30Wt    | 2               | 10000000   | 9731518    | 0.973152        | 0.00031195
662             | Ti3C2O2_30Wt    | 4               | 10000000   | 9469923    | 0.946992        | 0.00030773
662             | Ti3C2O2_30Wt    | 6               | 10000000   | 9215457    | 0.921546        | 0.00030357
662             | Ti3C2O2_30Wt    | 8               | 10000000   | 8968491    | 0.896849        | 0.00029947
662             | Ti3C2O2_30Wt    | 10              | 10000000   | 8728319    | 0.872832        | 0.00029544
1173            | PPS_0Wt         | 2               | 10000000   | 9837396    | 0.98374         | 0.00031365
1173            | PPS_0Wt         | 4               | 10000000   | 9676892    | 0.967689        | 0.00031108
1173            | PPS_0Wt         | 6               | 10000000   | 9519138    | 0.951914        | 0.00030853
1173            | PPS_0Wt         | 8               | 10000000   | 9364281    | 0.936428        | 0.00030601
1173            | PPS_0Wt         | 10              | 10000000   | 9211707    | 0.921171        | 0.00030351
1173            | Pb_5Wt          | 2               | 10000000   | 9829754    | 0.982975        | 0.00031352
1173            | Pb_5Wt          | 4               | 10000000   | 9662064    | 0.966206        | 0.00031084
1173            | Pb_5Wt          | 6               | 10000000   | 9497263    | 0.949726        | 0.00030818
1173            | Pb_5Wt          | 8               | 10000000   | 9335512    | 0.933551        | 0.00030554
1173            | Pb_5Wt          | 10              | 10000000   | 9176686    | 0.917669        | 0.00030293
1173            | Pb_10Wt         | 2               | 10000000   | 9821542    | 0.982154        | 0.00031339
1173            | Pb_10Wt         | 4               | 10000000   | 9645770    | 0.964577        | 0.00031058
1173            | Pb_10Wt         | 6               | 10000000   | 9473481    | 0.947348        | 0.00030779
1173            | Pb_10Wt         | 8               | 10000000   | 9304381    | 0.930438        | 0.00030503
1173            | Pb_10Wt         | 10              | 10000000   | 9138195    | 0.91382         | 0.00030229
1173            | Pb_15Wt         | 2               | 10000000   | 9812488    | 0.981249        | 0.00031325
1173            | Pb_15Wt         | 4               | 10000000   | 9628107    | 0.962811        | 0.00031029
1173            | Pb_15Wt         | 6               | 10000000   | 9447338    | 0.944734        | 0.00030737
1173            | Pb_15Wt         | 8               | 10000000   | 9270258    | 0.927026        | 0.00030447
1173            | Pb_15Wt         | 10              | 10000000   | 9096207    | 0.909621        | 0.00030160
1173            | Pb_20Wt         | 2               | 10000000   | 9802356    | 0.980236        | 0.00031309
1173            | Pb_20Wt         | 4               | 10000000   | 9608221    | 0.960822        | 0.00030997
1173            | Pb_20Wt         | 6               | 10000000   | 9418534    | 0.941853        | 0.00030690
1173            | Pb_20Wt         | 8               | 10000000   | 9232223    | 0.923222        | 0.00030385
1173            | Pb_20Wt         | 10              | 10000000   | 9049843    | 0.904984        | 0.00030083
1173            | Pb_25Wt         | 2               | 10000000   | 9791213    | 0.979121        | 0.00031291
1173            | Pb_25Wt         | 4               | 10000000   | 9586423    | 0.958642        | 0.00030962
1173            | Pb_25Wt         | 6               | 10000000   | 9386644    | 0.938664        | 0.00030638
1173            | Pb_25Wt         | 8               | 10000000   | 9190105    | 0.91901         | 0.00030315
1173            | Pb_25Wt         | 10              | 10000000   | 8998220    | 0.899822        | 0.00029997
1173            | Pb_30Wt         | 2               | 10000000   | 9778618    | 0.977862        | 0.00031271
1173            | Pb_30Wt         | 4               | 10000000   | 9562149    | 0.956215        | 0.00030923
1173            | Pb_30Wt         | 6               | 10000000   | 9350656    | 0.935066        | 0.00030579
1173            | Pb_30Wt         | 8               | 10000000   | 9143311    | 0.914331        | 0.00030238
1173            | Pb_30Wt         | 10              | 10000000   | 8941272    | 0.894127        | 0.00029902
1173            | BaSO4_5Wt       | 2               | 10000000   | 9832257    | 0.983226        | 0.00031356
1173            | BaSO4_5Wt       | 4               | 10000000   | 9666957    | 0.966696        | 0.00031092
1173            | BaSO4_5Wt       | 6               | 10000000   | 9504363    | 0.950436        | 0.00030829
1173            | BaSO4_5Wt       | 8               | 10000000   | 9345017    | 0.934502        | 0.00030570
1173            | BaSO4_5Wt       | 10              | 10000000   | 9188223    | 0.918822        | 0.00030312
1173            | BaSO4_10Wt      | 2               | 10000000   | 9826839    | 0.982684        | 0.00031348
1173            | BaSO4_10Wt      | 4               | 10000000   | 9656222    | 0.965622        | 0.00031074
1173            | BaSO4_10Wt      | 6               | 10000000   | 9488740    | 0.948874        | 0.00030804
1173            | BaSO4_10Wt      | 8               | 10000000   | 9324403    | 0.93244         | 0.00030536
1173            | BaSO4_10Wt      | 10              | 10000000   | 9162824    | 0.916282        | 0.00030270
1173            | BaSO4_15Wt      | 2               | 10000000   | 9820938    | 0.982094        | 0.00031338
1173            | BaSO4_15Wt      | 4               | 10000000   | 9644830    | 0.964483        | 0.00031056
1173            | BaSO4_15Wt      | 6               | 10000000   | 9471988    | 0.947199        | 0.00030777
1173            | BaSO4_15Wt      | 8               | 10000000   | 9302310    | 0.930231        | 0.00030500
1173            | BaSO4_15Wt      | 10              | 10000000   | 9135740    | 0.913574        | 0.00030225
1173            | BaSO4_20Wt      | 2               | 10000000   | 9814599    | 0.98146         | 0.00031328
1173            | BaSO4_20Wt      | 4               | 10000000   | 9632225    | 0.963222        | 0.00031036
1173            | BaSO4_20Wt      | 6               | 10000000   | 9453733    | 0.945373        | 0.00030747
1173            | BaSO4_20Wt      | 8               | 10000000   | 9278441    | 0.927844        | 0.00030461
1173            | BaSO4_20Wt      | 10              | 10000000   | 9106420    | 0.910642        | 0.00030177
1173            | BaSO4_25Wt      | 2               | 10000000   | 9807729    | 0.980773        | 0.00031317
1173            | BaSO4_25Wt      | 4               | 10000000   | 9618746    | 0.961875        | 0.00031014
1173            | BaSO4_25Wt      | 6               | 10000000   | 9434073    | 0.943407        | 0.00030715
1173            | BaSO4_25Wt      | 8               | 10000000   | 9252363    | 0.925236        | 0.00030418
1173            | BaSO4_25Wt      | 10              | 10000000   | 9074489    | 0.907449        | 0.00030124
1173            | BaSO4_30Wt      | 2               | 10000000   | 9800272    | 0.980027        | 0.00031305
1173            | BaSO4_30Wt      | 4               | 10000000   | 9604273    | 0.960427        | 0.00030991
1173            | BaSO4_30Wt      | 6               | 10000000   | 9412712    | 0.941271        | 0.00030680
1173            | BaSO4_30Wt      | 8               | 10000000   | 9224234    | 0.922423        | 0.00030371
1173            | BaSO4_30Wt      | 10              | 10000000   | 9040205    | 0.904021        | 0.00030067
1173            | W_5Wt           | 2               | 10000000   | 9829798    | 0.98298         | 0.00031353
1173            | W_5Wt           | 4               | 10000000   | 9662123    | 0.966212        | 0.00031084
1173            | W_5Wt           | 6               | 10000000   | 9497428    | 0.949743        | 0.00030818
1173            | W_5Wt           | 8               | 10000000   | 9335685    | 0.933569        | 0.00030554
1173            | W_5Wt           | 10              | 10000000   | 9176929    | 0.917693        | 0.00030293
1173            | W_10Wt          | 2               | 10000000   | 9821564    | 0.982156        | 0.00031339
1173            | W_10Wt          | 4               | 10000000   | 9645835    | 0.964584        | 0.00031058
1173            | W_10Wt          | 6               | 10000000   | 9473521    | 0.947352        | 0.00030779
1173            | W_10Wt          | 8               | 10000000   | 9304463    | 0.930446        | 0.00030503
1173            | W_10Wt          | 10              | 10000000   | 9138296    | 0.91383         | 0.00030230
1173            | W_15Wt          | 2               | 10000000   | 9812432    | 0.981243        | 0.00031325
1173            | W_15Wt          | 4               | 10000000   | 9627864    | 0.962786        | 0.00031029
1173            | W_15Wt          | 6               | 10000000   | 9447272    | 0.944727        | 0.00030736
1173            | W_15Wt          | 8               | 10000000   | 9270043    | 0.927004        | 0.00030447
1173            | W_15Wt          | 10              | 10000000   | 9096115    | 0.909612        | 0.00030160
1173            | W_20Wt          | 2               | 10000000   | 9802299    | 0.98023         | 0.00031309
1173            | W_20Wt          | 4               | 10000000   | 9607947    | 0.960795        | 0.00030997
1173            | W_20Wt          | 6               | 10000000   | 9418202    | 0.94182         | 0.00030689
1173            | W_20Wt          | 8               | 10000000   | 9231478    | 0.923148        | 0.00030383
1173            | W_20Wt          | 10              | 10000000   | 9048962    | 0.904896        | 0.00030081
1173            | W_25Wt          | 2               | 10000000   | 9790661    | 0.979066        | 0.00031290
1173            | W_25Wt          | 4               | 10000000   | 9585682    | 0.958568        | 0.00030961
1173            | W_25Wt          | 6               | 10000000   | 9385411    | 0.938541        | 0.00030636
1173            | W_25Wt          | 8               | 10000000   | 9188668    | 0.918867        | 0.00030313
1173            | W_25Wt          | 10              | 10000000   | 8996936    | 0.899694        | 0.00029995
1173            | W_30Wt          | 2               | 10000000   | 9777785    | 0.977778        | 0.00031269
1173            | W_30Wt          | 4               | 10000000   | 9560565    | 0.956056        | 0.00030920
1173            | W_30Wt          | 6               | 10000000   | 9348444    | 0.934844        | 0.00030575
1173            | W_30Wt          | 8               | 10000000   | 9140772    | 0.914077        | 0.00030234
1173            | W_30Wt          | 10              | 10000000   | 8938102    | 0.89381         | 0.00029897
1173            | Bi2O3_5Wt       | 2               | 10000000   | 9829957    | 0.982996        | 0.00031353
1173            | Bi2O3_5Wt       | 4               | 10000000   | 9662502    | 0.96625         | 0.00031085
1173            | Bi2O3_5Wt       | 6               | 10000000   | 9497876    | 0.949788        | 0.00030819
1173            | Bi2O3_5Wt       | 8               | 10000000   | 9336379    | 0.933638        | 0.00030555
1173            | Bi2O3_5Wt       | 10              | 10000000   | 9177678    | 0.917768        | 0.00030295
1173            | Bi2O3_10Wt      | 2               | 10000000   | 9822046    | 0.982205        | 0.00031340
1173            | Bi2O3_10Wt      | 4               | 10000000   | 9646787    | 0.964679        | 0.00031059
1173            | Bi2O3_10Wt      | 6               | 10000000   | 9474932    | 0.947493        | 0.00030781
1173            | Bi2O3_10Wt      | 8               | 10000000   | 9306230    | 0.930623        | 0.00030506
1173            | Bi2O3_10Wt      | 10              | 10000000   | 9140501    | 0.91405         | 0.00030233
1173            | Bi2O3_15Wt      | 2               | 10000000   | 9813282    | 0.981328        | 0.00031326
1173            | Bi2O3_15Wt      | 4               | 10000000   | 9629703    | 0.96297         | 0.00031032
1173            | Bi2O3_15Wt      | 6               | 10000000   | 9449687    | 0.944969        | 0.00030740
1173            | Bi2O3_15Wt      | 8               | 10000000   | 9273395    | 0.927339        | 0.00030452
1173            | Bi2O3_15Wt      | 10              | 10000000   | 9099958    | 0.909996        | 0.00030166
1173            | Bi2O3_20Wt      | 2               | 10000000   | 9803577    | 0.980358        | 0.00031311
1173            | Bi2O3_20Wt      | 4               | 10000000   | 9610673    | 0.961067        | 0.00031001
1173            | Bi2O3_20Wt      | 6               | 10000000   | 9422111    | 0.942211        | 0.00030695
1173            | Bi2O3_20Wt      | 8               | 10000000   | 9236825    | 0.923682        | 0.00030392
1173            | Bi2O3_20Wt      | 10              | 10000000   | 9055507    | 0.905551        | 0.00030092
1173            | Bi2O3_25Wt      | 2               | 10000000   | 9792954    | 0.979295        | 0.00031294
1173            | Bi2O3_25Wt      | 4               | 10000000   | 9589807    | 0.958981        | 0.00030967
1173            | Bi2O3_25Wt      | 6               | 10000000   | 9391629    | 0.939163        | 0.00030646
1173            | Bi2O3_25Wt      | 8               | 10000000   | 9196650    | 0.919665        | 0.00030326
1173            | Bi2O3_25Wt      | 10              | 10000000   | 9006164    | 0.900616        | 0.00030010
1173            | Bi2O3_30Wt      | 2               | 10000000   | 9781050    | 0.978105        | 0.00031275
1173            | Bi2O3_30Wt      | 4               | 10000000   | 9566655    | 0.956665        | 0.00030930
1173            | Bi2O3_30Wt      | 6               | 10000000   | 9357409    | 0.935741        | 0.00030590
1173            | Bi2O3_30Wt      | 8               | 10000000   | 9152180    | 0.915218        | 0.00030253
1173            | Bi2O3_30Wt      | 10              | 10000000   | 8951985    | 0.895199        | 0.00029920
1173            | Ti3C2O2_5Wt     | 2               | 10000000   | 9831751    | 0.983175        | 0.00031356
1173            | Ti3C2O2_5Wt     | 4               | 10000000   | 9665886    | 0.966589        | 0.00031090
1173            | Ti3C2O2_5Wt     | 6               | 10000000   | 9502904    | 0.95029         | 0.00030827
1173            | Ti3C2O2_5Wt     | 8               | 10000000   | 9342952    | 0.934295        | 0.00030566
1173            | Ti3C2O2_5Wt     | 10              | 10000000   | 9185895    | 0.918589        | 0.00030308
1173            | Ti3C2O2_10Wt    | 2               | 10000000   | 9825775    | 0.982577        | 0.00031346
1173            | Ti3C2O2_10Wt    | 4               | 10000000   | 9653948    | 0.965395        | 0.00031071
1173            | Ti3C2O2_10Wt    | 6               | 10000000   | 9485521    | 0.948552        | 0.00030799
1173            | Ti3C2O2_10Wt    | 8               | 10000000   | 9320190    | 0.932019        | 0.00030529
1173            | Ti3C2O2_10Wt    | 10              | 10000000   | 9157606    | 0.915761        | 0.00030262
1173            | Ti3C2O2_15Wt    | 2               | 10000000   | 9819192    | 0.981919        | 0.00031336
1173            | Ti3C2O2_15Wt    | 4               | 10000000   | 9641184    | 0.964118        | 0.00031050
1173            | Ti3C2O2_15Wt    | 6               | 10000000   | 9466679    | 0.946668        | 0.00030768
1173            | Ti3C2O2_15Wt    | 8               | 10000000   | 9295635    | 0.929563        | 0.00030489
1173            | Ti3C2O2_15Wt    | 10              | 10000000   | 9127459    | 0.912746        | 0.00030212
1173            | Ti3C2O2_20Wt    | 2               | 10000000   | 9812064    | 0.981206        | 0.00031324
1173            | Ti3C2O2_20Wt    | 4               | 10000000   | 9627117    | 0.962712        | 0.00031028
1173            | Ti3C2O2_20Wt    | 6               | 10000000   | 9446308    | 0.944631        | 0.00030735
1173            | Ti3C2O2_20Wt    | 8               | 10000000   | 9268587    | 0.926859        | 0.00030444
1173            | Ti3C2O2_20Wt    | 10              | 10000000   | 9094381    | 0.909438        | 0.00030157
1173            | Ti3C2O2_25Wt    | 2               | 10000000   | 9804248    | 0.980425        | 0.00031312
1173            | Ti3C2O2_25Wt    | 4               | 10000000   | 9611922    | 0.961192        | 0.00031003
1173            | Ti3C2O2_25Wt    | 6               | 10000000   | 9424110    | 0.942411        | 0.00030699
1173            | Ti3C2O2_25Wt    | 8               | 10000000   | 9239145    | 0.923914        | 0.00030396
1173            | Ti3C2O2_25Wt    | 10              | 10000000   | 9058466    | 0.905847        | 0.00030097
1173            | Ti3C2O2_30Wt    | 2               | 10000000   | 9795609    | 0.979561        | 0.00031298
1173            | Ti3C2O2_30Wt    | 4               | 10000000   | 9595287    | 0.959529        | 0.00030976
1173            | Ti3C2O2_30Wt    | 6               | 10000000   | 9399574    | 0.939957        | 0.00030659
1173            | Ti3C2O2_30Wt    | 8               | 10000000   | 9207344    | 0.920734        | 0.00030344
1173            | Ti3C2O2_30Wt    | 10              | 10000000   | 9019734    | 0.901973        | 0.00030033
1332            | PPS_0Wt         | 2               | 10000000   | 9847532    | 0.984753        | 0.00031381
1332            | PPS_0Wt         | 4               | 10000000   | 9696875    | 0.969688        | 0.00031140
1332            | PPS_0Wt         | 6               | 10000000   | 9548434    | 0.954843        | 0.00030901
1332            | PPS_0Wt         | 8               | 10000000   | 9403089    | 0.940309        | 0.00030664
1332            | PPS_0Wt         | 10              | 10000000   | 9259114    | 0.925911        | 0.00030429
1332            | Pb_5Wt          | 2               | 10000000   | 9840706    | 0.984071        | 0.00031370
1332            | Pb_5Wt          | 4               | 10000000   | 9683417    | 0.968342        | 0.00031118
1332            | Pb_5Wt          | 6               | 10000000   | 9528837    | 0.952884        | 0.00030869
1332            | Pb_5Wt          | 8               | 10000000   | 9376962    | 0.937696        | 0.00030622
1332            | Pb_5Wt          | 10              | 10000000   | 9227155    | 0.922716        | 0.00030376
1332            | Pb_10Wt         | 2               | 10000000   | 9833168    | 0.983317        | 0.00031358
1332            | Pb_10Wt         | 4               | 10000000   | 9668744    | 0.966874        | 0.00031095
1332            | Pb_10Wt         | 6               | 10000000   | 9506968    | 0.950697        | 0.00030833
1332            | Pb_10Wt         | 8               | 10000000   | 9348474    | 0.934847        | 0.00030575
1332            | Pb_10Wt         | 10              | 10000000   | 9192240    | 0.919224        | 0.00030319
1332            | Pb_15Wt         | 2               | 10000000   | 9824903    | 0.98249         | 0.00031345
1332            | Pb_15Wt         | 4               | 10000000   | 9652361    | 0.965236        | 0.00031068
1332            | Pb_15Wt         | 6               | 10000000   | 9483094    | 0.948309        | 0.00030795
1332            | Pb_15Wt         | 8               | 10000000   | 9317088    | 0.931709        | 0.00030524
1332            | Pb_15Wt         | 10              | 10000000   | 9154041    | 0.915404        | 0.00030256
1332            | Pb_20Wt         | 2               | 10000000   | 9815826    | 0.981583        | 0.00031330
1332            | Pb_20Wt         | 4               | 10000000   | 9634557    | 0.963456        | 0.00031040
1332            | Pb_20Wt         | 6               | 10000000   | 9456987    | 0.945699        | 0.00030752
1332            | Pb_20Wt         | 8               | 10000000   | 9282726    | 0.928273        | 0.00030468
1332            | Pb_20Wt         | 10              | 10000000   | 9111622    | 0.911162        | 0.00030185
1332            | Pb_25Wt         | 2               | 10000000   | 9805511    | 0.980551        | 0.00031314
1332            | Pb_25Wt         | 4               | 10000000   | 9614587    | 0.961459        | 0.00031007
1332            | Pb_25Wt         | 6               | 10000000   | 9427790    | 0.942779        | 0.00030705
1332            | Pb_25Wt         | 8               | 10000000   | 9244600    | 0.92446         | 0.00030405
1332            | Pb_25Wt         | 10              | 10000000   | 9064844    | 0.906484        | 0.00030108
1332            | Pb_30Wt         | 2               | 10000000   | 9794240    | 0.979424        | 0.00031296
1332            | Pb_30Wt         | 4               | 10000000   | 9592428    | 0.959243        | 0.00030972
1332            | Pb_30Wt         | 6               | 10000000   | 9395478    | 0.939548        | 0.00030652
1332            | Pb_30Wt         | 8               | 10000000   | 9201660    | 0.920166        | 0.00030334
1332            | Pb_30Wt         | 10              | 10000000   | 9012200    | 0.90122         | 0.00030020
1332            | BaSO4_5Wt       | 2               | 10000000   | 9842863    | 0.984286        | 0.00031373
1332            | BaSO4_5Wt       | 4               | 10000000   | 9687614    | 0.968761        | 0.00031125
1332            | BaSO4_5Wt       | 6               | 10000000   | 9534922    | 0.953492        | 0.00030879
1332            | BaSO4_5Wt       | 8               | 10000000   | 9384971    | 0.938497        | 0.00030635
1332            | BaSO4_5Wt       | 10              | 10000000   | 9236990    | 0.923699        | 0.00030392
1332            | BaSO4_10Wt      | 2               | 10000000   | 9837778    | 0.983778        | 0.00031365
1332            | BaSO4_10Wt      | 4               | 10000000   | 9677619    | 0.967762        | 0.00031109
1332            | BaSO4_10Wt      | 6               | 10000000   | 9520179    | 0.952018        | 0.00030855
1332            | BaSO4_10Wt      | 8               | 10000000   | 9365506    | 0.936551        | 0.00030603
1332            | BaSO4_10Wt      | 10              | 10000000   | 9213285    | 0.921328        | 0.00030353
1332            | BaSO4_15Wt      | 2               | 10000000   | 9832223    | 0.983222        | 0.00031356
1332            | BaSO4_15Wt      | 4               | 10000000   | 9666755    | 0.966676        | 0.00031091
1332            | BaSO4_15Wt      | 6               | 10000000   | 9504267    | 0.950427        | 0.00030829
1332            | BaSO4_15Wt      | 8               | 10000000   | 9344852    | 0.934485        | 0.00030569
1332            | BaSO4_15Wt      | 10              | 10000000   | 9187980    | 0.918798        | 0.00030312
1332            | BaSO4_20Wt      | 2               | 10000000   | 9826350    | 0.982635        | 0.00031347
1332            | BaSO4_20Wt      | 4               | 10000000   | 9655195    | 0.965519        | 0.00031073
1332            | BaSO4_20Wt      | 6               | 10000000   | 9487250    | 0.948725        | 0.00030801
1332            | BaSO4_20Wt      | 8               | 10000000   | 9322533    | 0.932253        | 0.00030533
1332            | BaSO4_20Wt      | 10              | 10000000   | 9160485    | 0.916049        | 0.00030266
1332            | BaSO4_25Wt      | 2               | 10000000   | 9819893    | 0.981989        | 0.00031337
1332            | BaSO4_25Wt      | 4               | 10000000   | 9642719    | 0.964272        | 0.00031053
1332            | BaSO4_25Wt      | 6               | 10000000   | 9468930    | 0.946893        | 0.00030772
1332            | BaSO4_25Wt      | 8               | 10000000   | 9298326    | 0.929833        | 0.00030493
1332            | BaSO4_25Wt      | 10              | 10000000   | 9130821    | 0.913082        | 0.00030217
1332            | BaSO4_30Wt      | 2               | 10000000   | 9812915    | 0.981291        | 0.00031326
1332            | BaSO4_30Wt      | 4               | 10000000   | 9628869    | 0.962887        | 0.00031030
1332            | BaSO4_30Wt      | 6               | 10000000   | 9448918    | 0.944892        | 0.00030739
1332            | BaSO4_30Wt      | 8               | 10000000   | 9271954    | 0.927195        | 0.00030450
1332            | BaSO4_30Wt      | 10              | 10000000   | 9098484    | 0.909848        | 0.00030164
1332            | W_5Wt           | 2               | 10000000   | 9840673    | 0.984067        | 0.00031370
1332            | W_5Wt           | 4               | 10000000   | 9683368    | 0.968337        | 0.00031118
1332            | W_5Wt           | 6               | 10000000   | 9528634    | 0.952863        | 0.00030868
1332            | W_5Wt           | 8               | 10000000   | 9376784    | 0.937678        | 0.00030622
1332            | W_5Wt           | 10              | 10000000   | 9226958    | 0.922696        | 0.00030376
1332            | W_10Wt          | 2               | 10000000   | 9832990    | 0.983299        | 0.00031358
1332            | W_10Wt          | 4               | 10000000   | 9668424    | 0.966842        | 0.00031094
1332            | W_10Wt          | 6               | 10000000   | 9506626    | 0.950663        | 0.00030833
1332            | W_10Wt          | 8               | 10000000   | 9347787    | 0.934779        | 0.00030574
1332            | W_10Wt          | 10              | 10000000   | 9191639    | 0.919164        | 0.00030318
1332            | W_15Wt          | 2               | 10000000   | 9824626    | 0.982463        | 0.00031344
1332            | W_15Wt          | 4               | 10000000   | 9651810    | 0.965181        | 0.00031067
1332            | W_15Wt          | 6               | 10000000   | 9482275    | 0.948228        | 0.00030793
1332            | W_15Wt          | 8               | 10000000   | 9316140    | 0.931614        | 0.00030522
1332            | W_15Wt          | 10              | 10000000   | 9152658    | 0.915266        | 0.00030253
1332            | W_20Wt          | 2               | 10000000   | 9815248    | 0.981525        | 0.00031329
1332            | W_20Wt          | 4               | 10000000   | 9633587    | 0.963359        | 0.00031038
1332            | W_20Wt          | 6               | 10000000   | 9455542    | 0.945554        | 0.00030750
1332            | W_20Wt          | 8               | 10000000   | 9280892    | 0.928089        | 0.00030465
1332            | W_20Wt          | 10              | 10000000   | 9109318    | 0.910932        | 0.00030182
1332            | W_25Wt          | 2               | 10000000   | 9804810    | 0.980481        | 0.00031313
1332            | W_25Wt          | 4               | 10000000   | 9612993    | 0.961299        | 0.00031005
1332            | W_25Wt          | 6               | 10000000   | 9425472    | 0.942547        | 0.00030701
1332            | W_25Wt          | 8               | 10000000   | 9241152    | 0.924115        | 0.00030399
1332            | W_25Wt          | 10              | 10000000   | 9060886    | 0.906089        | 0.00030101
1332            | W_30Wt          | 2               | 10000000   | 9792903    | 0.97929         | 0.00031294
1332            | W_30Wt          | 4               | 10000000   | 9589955    | 0.958996        | 0.00030968
1332            | W_30Wt          | 6               | 10000000   | 9391733    | 0.939173        | 0.00030646
1332            | W_30Wt          | 8               | 10000000   | 9196925    | 0.919693        | 0.00030326
1332            | W_30Wt          | 10              | 10000000   | 9006586    | 0.900659        | 0.00030011
1332            | Bi2O3_5Wt       | 2               | 10000000   | 9840927    | 0.984093        | 0.00031370
1332            | Bi2O3_5Wt       | 4               | 10000000   | 9683785    | 0.968379        | 0.00031119
1332            | Bi2O3_5Wt       | 6               | 10000000   | 9529389    | 0.952939        | 0.00030870
1332            | Bi2O3_5Wt       | 8               | 10000000   | 9377658    | 0.937766        | 0.00030623
1332            | Bi2O3_5Wt       | 10              | 10000000   | 9228031    | 0.922803        | 0.00030378
1332            | Bi2O3_10Wt      | 2               | 10000000   | 9833617    | 0.983362        | 0.00031359
1332            | Bi2O3_10Wt      | 4               | 10000000   | 9669593    | 0.966959        | 0.00031096
1332            | Bi2O3_10Wt      | 6               | 10000000   | 9508235    | 0.950824        | 0.00030835
1332            | Bi2O3_10Wt      | 8               | 10000000   | 9350055    | 0.935006        | 0.00030578
1332            | Bi2O3_10Wt      | 10              | 10000000   | 9194212    | 0.919421        | 0.00030322
1332            | Bi2O3_15Wt      | 2               | 10000000   | 9825579    | 0.982558        | 0.00031346
1332            | Bi2O3_15Wt      | 4               | 10000000   | 9653801    | 0.96538         | 0.00031071
1332            | Bi2O3_15Wt      | 6               | 10000000   | 9485255    | 0.948526        | 0.00030798
1332            | Bi2O3_15Wt      | 8               | 10000000   | 9319775    | 0.931978        | 0.00030528
1332            | Bi2O3_15Wt      | 10              | 10000000   | 9157394    | 0.915739        | 0.00030261
1332            | Bi2O3_20Wt      | 2               | 10000000   | 9816935    | 0.981693        | 0.00031332
1332            | Bi2O3_20Wt      | 4               | 10000000   | 9636731    | 0.963673        | 0.00031043
1332            | Bi2O3_20Wt      | 6               | 10000000   | 9460093    | 0.946009        | 0.00030757
1332            | Bi2O3_20Wt      | 8               | 10000000   | 9286832    | 0.928683        | 0.00030474
1332            | Bi2O3_20Wt      | 10              | 10000000   | 9116663    | 0.911666        | 0.00030194
1332            | Bi2O3_25Wt      | 2               | 10000000   | 9807076    | 0.980708        | 0.00031316
1332            | Bi2O3_25Wt      | 4               | 10000000   | 9617675    | 0.961767        | 0.00031012
1332            | Bi2O3_25Wt      | 6               | 10000000   | 9432231    | 0.943223        | 0.00030712
1332            | Bi2O3_25Wt      | 8               | 10000000   | 9250314    | 0.925031        | 0.00030414
1332            | Bi2O3_25Wt      | 10              | 10000000   | 9071964    | 0.907196        | 0.00030120
1332            | Bi2O3_30Wt      | 2               | 10000000   | 9796384    | 0.979638        | 0.00031299
1332            | Bi2O3_30Wt      | 4               | 10000000   | 9596498    | 0.95965         | 0.00030978
1332            | Bi2O3_30Wt      | 6               | 10000000   | 9401434    | 0.940143        | 0.00030662
1332            | Bi2O3_30Wt      | 8               | 10000000   | 9209537    | 0.920954        | 0.00030347
1332            | Bi2O3_30Wt      | 10              | 10000000   | 9021969    | 0.902197        | 0.00030037
1332            | Ti3C2O2_5Wt     | 2               | 10000000   | 9842358    | 0.984236        | 0.00031373
1332            | Ti3C2O2_5Wt     | 4               | 10000000   | 9686571    | 0.968657        | 0.00031123
1332            | Ti3C2O2_5Wt     | 6               | 10000000   | 9533404    | 0.95334         | 0.00030876
1332            | Ti3C2O2_5Wt     | 8               | 10000000   | 9383012    | 0.938301        | 0.00030632
1332            | Ti3C2O2_5Wt     | 10              | 10000000   | 9234646    | 0.923465        | 0.00030389
1332            | Ti3C2O2_10Wt    | 2               | 10000000   | 9836596    | 0.98366         | 0.00031363
1332            | Ti3C2O2_10Wt    | 4               | 10000000   | 9675408    | 0.967541        | 0.00031105
1332            | Ti3C2O2_10Wt    | 6               | 10000000   | 9516912    | 0.951691        | 0.00030849
1332            | Ti3C2O2_10Wt    | 8               | 10000000   | 9361337    | 0.936134        | 0.00030596
1332            | Ti3C2O2_10Wt    | 10              | 10000000   | 9208209    | 0.920821        | 0.00030345
1332            | Ti3C2O2_15Wt    | 2               | 10000000   | 9830467    | 0.983047        | 0.00031354
1332            | Ti3C2O2_15Wt    | 4               | 10000000   | 9663235    | 0.966324        | 0.00031086
1332            | Ti3C2O2_15Wt    | 6               | 10000000   | 9499041    | 0.949904        | 0.00030821
1332            | Ti3C2O2_15Wt    | 8               | 10000000   | 9337985    | 0.933798        | 0.00030558
1332            | Ti3C2O2_15Wt    | 10              | 10000000   | 9179718    | 0.917972        | 0.00030298
1332            | Ti3C2O2_20Wt    | 2               | 10000000   | 9823770    | 0.982377        | 0.00031343
1332            | Ti3C2O2_20Wt    | 4               | 10000000   | 9650103    | 0.96501         | 0.00031065
1332            | Ti3C2O2_20Wt    | 6               | 10000000   | 9479871    | 0.947987        | 0.00030789
1332            | Ti3C2O2_20Wt    | 8               | 10000000   | 9312795    | 0.93128         | 0.00030517
1332            | Ti3C2O2_20Wt    | 10              | 10000000   | 9148489    | 0.914849        | 0.00030246
1332            | Ti3C2O2_25Wt    | 2               | 10000000   | 9816430    | 0.981643        | 0.00031331
1332            | Ti3C2O2_25Wt    | 4               | 10000000   | 9635750    | 0.963575        | 0.00031042
1332            | Ti3C2O2_25Wt    | 6               | 10000000   | 9458874    | 0.945887        | 0.00030755
1332            | Ti3C2O2_25Wt    | 8               | 10000000   | 9285254    | 0.928525        | 0.00030472
1332            | Ti3C2O2_25Wt    | 10              | 10000000   | 9114856    | 0.911486        | 0.00030191
1332            | Ti3C2O2_30Wt    | 2               | 10000000   | 9808436    | 0.980844        | 0.00031318
1332            | Ti3C2O2_30Wt    | 4               | 10000000   | 9620029    | 0.962003        | 0.00031016
1332            | Ti3C2O2_30Wt    | 6               | 10000000   | 9436093    | 0.943609        | 0.00030718
1332            | Ti3C2O2_30Wt    | 8               | 10000000   | 9254878    | 0.925488        | 0.00030422
1332            | Ti3C2O2_30Wt    | 10              | 10000000   | 9077692    | 0.907769        | 0.00030129
