Phase 2: ShieldingExactTwin — NaI(Tl) Photopeak Master Dataset
Total runs: 996  |  Histories/run: 10,000,000  |  Materials: 33
Peak integration: ±2.0σ  |  NaI resolution: FWHM = 2.06×√E_keV keV
RelErr = 1/√N (relative Poisson uncertainty)
============================================================================================================================================
Energy(keV)     | Material               | Thickness(mm)  | I0           | I            | I/I0          | RelErr(I0)     | RelErr(I)     
--------------------------------------------------------------------------------------------------------------------------------------------
59.5            | PPS_0Wt                | 2              | 8271445      | 7735169      | 0.935165      | 0.00034770     | 0.00035955    
59.5            | PPS_0Wt                | 4              | 8271445      | 7234305      | 0.874612      | 0.00034770     | 0.00037179    
59.5            | PPS_0Wt                | 6              | 8271445      | 6766943      | 0.818109      | 0.00034770     | 0.00038442    
59.5            | PPS_0Wt                | 8              | 8271445      | 6329403      | 0.765211      | 0.00034770     | 0.00039748    
59.5            | PPS_0Wt                | 10             | 8271445      | 5920153      | 0.715734      | 0.00034770     | 0.00041099    
59.5            | G4_Pb                  | 2              | 8271445      | 75           | 0.000009      | 0.00034770     | 0.11547005    
59.5            | G4_Pb                  | 4              | 8271445      | 0            | 0.000000      | 0.00034770     | 0.00000000    
59.5            | G4_Pb                  | 6              | 8271445      | 0            | 0.000000      | 0.00034770     | 0.00000000    
59.5            | G4_Pb                  | 8              | 8271445      | 0            | 0.000000      | 0.00034770     | 0.00000000    
59.5            | G4_Pb                  | 10             | 8271445      | 0            | 0.000000      | 0.00034770     | 0.00000000    
59.5            | G4_W                   | 2              | 8271445      | 7            | 0.000001      | 0.00034770     | 0.37796447    
59.5            | G4_W                   | 4              | 8271445      | 0            | 0.000000      | 0.00034770     | 0.00000000    
59.5            | G4_W                   | 6              | 8271445      | 0            | 0.000000      | 0.00034770     | 0.00000000    
59.5            | G4_W                   | 8              | 8271445      | 0            | 0.000000      | 0.00034770     | 0.00000000    
59.5            | G4_W                   | 10             | 8271445      | 0            | 0.000000      | 0.00034770     | 0.00000000    
59.5            | Ti3C2O2_5Wt            | 2              | 8271445      | 7676552      | 0.928079      | 0.00034770     | 0.00036092    
59.5            | Ti3C2O2_5Wt            | 4              | 8271445      | 7124823      | 0.861376      | 0.00034770     | 0.00037464    
59.5            | Ti3C2O2_5Wt            | 6              | 8271445      | 6614702      | 0.799703      | 0.00034770     | 0.00038882    
59.5            | Ti3C2O2_5Wt            | 8              | 8271445      | 6140817      | 0.742412      | 0.00034770     | 0.00040354    
59.5            | Ti3C2O2_5Wt            | 10             | 8271445      | 5699974      | 0.689115      | 0.00034770     | 0.00041885    
59.5            | Ti3C2O2_10Wt           | 2              | 8271445      | 7614246      | 0.920546      | 0.00034770     | 0.00036240    
59.5            | Ti3C2O2_10Wt           | 4              | 8271445      | 7009543      | 0.847439      | 0.00034770     | 0.00037771    
59.5            | Ti3C2O2_10Wt           | 6              | 8271445      | 6454543      | 0.780340      | 0.00034770     | 0.00039361    
59.5            | Ti3C2O2_10Wt           | 8              | 8271445      | 5942819      | 0.718474      | 0.00034770     | 0.00041021    
59.5            | Ti3C2O2_10Wt           | 10             | 8271445      | 5470328      | 0.661351      | 0.00034770     | 0.00042756    
59.5            | Ti3C2O2_15Wt           | 2              | 8271445      | 7546114      | 0.912309      | 0.00034770     | 0.00036403    
59.5            | Ti3C2O2_15Wt           | 4              | 8271445      | 6886049      | 0.832509      | 0.00034770     | 0.00038108    
59.5            | Ti3C2O2_15Wt           | 6              | 8271445      | 6284711      | 0.759808      | 0.00034770     | 0.00039889    
59.5            | Ti3C2O2_15Wt           | 8              | 8271445      | 5734600      | 0.693301      | 0.00034770     | 0.00041759    
59.5            | Ti3C2O2_15Wt           | 10             | 8271445      | 5233574      | 0.632728      | 0.00034770     | 0.00043712    
59.5            | Ti3C2O2_20Wt           | 2              | 8271445      | 7473534      | 0.903534      | 0.00034770     | 0.00036579    
59.5            | Ti3C2O2_20Wt           | 4              | 8271445      | 6754220      | 0.816571      | 0.00034770     | 0.00038478    
59.5            | Ti3C2O2_20Wt           | 6              | 8271445      | 6104447      | 0.738015      | 0.00034770     | 0.00040474    
59.5            | Ti3C2O2_20Wt           | 8              | 8271445      | 5516899      | 0.666981      | 0.00034770     | 0.00042575    
59.5            | Ti3C2O2_20Wt           | 10             | 8271445      | 4986584      | 0.602867      | 0.00034770     | 0.00044781    
59.5            | Ti3C2O2_25Wt           | 2              | 8271445      | 7394732      | 0.894007      | 0.00034770     | 0.00036774    
59.5            | Ti3C2O2_25Wt           | 4              | 8271445      | 6613098      | 0.799509      | 0.00034770     | 0.00038886    
59.5            | Ti3C2O2_25Wt           | 6              | 8271445      | 5913706      | 0.714954      | 0.00034770     | 0.00041122    
59.5            | Ti3C2O2_25Wt           | 8              | 8271445      | 5288131      | 0.639324      | 0.00034770     | 0.00043486    
59.5            | Ti3C2O2_25Wt           | 10             | 8271445      | 4729566      | 0.571794      | 0.00034770     | 0.00045982    
59.5            | Ti3C2O2_30Wt           | 2              | 8271445      | 7309334      | 0.883683      | 0.00034770     | 0.00036988    
59.5            | Ti3C2O2_30Wt           | 4              | 8271445      | 6461621      | 0.781196      | 0.00034770     | 0.00039340    
59.5            | Ti3C2O2_30Wt           | 6              | 8271445      | 5712533      | 0.690633      | 0.00034770     | 0.00041839    
59.5            | Ti3C2O2_30Wt           | 8              | 8271445      | 5048859      | 0.610396      | 0.00034770     | 0.00044504    
59.5            | Ti3C2O2_30Wt           | 10             | 8271445      | 4462586      | 0.539517      | 0.00034770     | 0.00047338    
59.5            | Pb_5Wt                 | 2              | 8271445      | 7203054      | 0.870834      | 0.00034770     | 0.00037260    
59.5            | Pb_5Wt                 | 4              | 8271445      | 6274907      | 0.758623      | 0.00034770     | 0.00039921    
59.5            | Pb_5Wt                 | 6              | 8271445      | 5466418      | 0.660878      | 0.00034770     | 0.00042771    
59.5            | Pb_5Wt                 | 8              | 8271445      | 4761214      | 0.575621      | 0.00034770     | 0.00045829    
59.5            | Pb_5Wt                 | 10             | 8271445      | 4146667      | 0.501323      | 0.00034770     | 0.00049108    
59.5            | Pb_10Wt                | 2              | 8271445      | 6662346      | 0.805463      | 0.00034770     | 0.00038742    
59.5            | Pb_10Wt                | 4              | 8271445      | 5367771      | 0.648952      | 0.00034770     | 0.00043162    
59.5            | Pb_10Wt                | 6              | 8271445      | 4325093      | 0.522894      | 0.00034770     | 0.00048084    
59.5            | Pb_10Wt                | 8              | 8271445      | 3485359      | 0.421372      | 0.00034770     | 0.00053564    
59.5            | Pb_10Wt                | 10             | 8271445      | 2807903      | 0.339469      | 0.00034770     | 0.00059677    
59.5            | Pb_15Wt                | 2              | 8271445      | 6113756      | 0.739140      | 0.00034770     | 0.00040443    
59.5            | Pb_15Wt                | 4              | 8271445      | 4519848      | 0.546440      | 0.00034770     | 0.00047037    
59.5            | Pb_15Wt                | 6              | 8271445      | 3342742      | 0.404130      | 0.00034770     | 0.00054695    
59.5            | Pb_15Wt                | 8              | 8271445      | 2471664      | 0.298819      | 0.00034770     | 0.00063607    
59.5            | Pb_15Wt                | 10             | 8271445      | 1828256      | 0.221032      | 0.00034770     | 0.00073957    
59.5            | Pb_20Wt                | 2              | 8271445      | 5558485      | 0.672009      | 0.00034770     | 0.00042415    
59.5            | Pb_20Wt                | 4              | 8271445      | 3737034      | 0.451799      | 0.00034770     | 0.00051729    
59.5            | Pb_20Wt                | 6              | 8271445      | 2513207      | 0.303841      | 0.00034770     | 0.00063079    
59.5            | Pb_20Wt                | 8              | 8271445      | 1688940      | 0.204189      | 0.00034770     | 0.00076947    
59.5            | Pb_20Wt                | 10             | 8271445      | 1135595      | 0.137291      | 0.00034770     | 0.00093840    
59.5            | Pb_25Wt                | 2              | 8271445      | 5000707      | 0.604575      | 0.00034770     | 0.00044718    
59.5            | Pb_25Wt                | 4              | 8271445      | 3024208      | 0.365620      | 0.00034770     | 0.00057503    
59.5            | Pb_25Wt                | 6              | 8271445      | 1829538      | 0.221187      | 0.00034770     | 0.00073931    
59.5            | Pb_25Wt                | 8              | 8271445      | 1105938      | 0.133706      | 0.00034770     | 0.00095090    
59.5            | Pb_25Wt                | 10             | 8271445      | 669025       | 0.080884      | 0.00034770     | 0.00122258    
59.5            | Pb_30Wt                | 2              | 8271445      | 4441438      | 0.536960      | 0.00034770     | 0.00047450    
59.5            | Pb_30Wt                | 4              | 8271445      | 2386229      | 0.288490      | 0.00034770     | 0.00064736    
59.5            | Pb_30Wt                | 6              | 8271445      | 1281437      | 0.154923      | 0.00034770     | 0.00088339    
59.5            | Pb_30Wt                | 8              | 8271445      | 687923       | 0.083168      | 0.00034770     | 0.00120567    
59.5            | Pb_30Wt                | 10             | 8271445      | 369783       | 0.044706      | 0.00034770     | 0.00164447    
59.5            | W_5Wt                  | 2              | 8271445      | 7340947      | 0.887505      | 0.00034770     | 0.00036908    
59.5            | W_5Wt                  | 4              | 8271445      | 6515581      | 0.787720      | 0.00034770     | 0.00039176    
59.5            | W_5Wt                  | 6              | 8271445      | 5785638      | 0.699471      | 0.00034770     | 0.00041574    
59.5            | W_5Wt                  | 8              | 8271445      | 5135658      | 0.620890      | 0.00034770     | 0.00044127    
59.5            | W_5Wt                  | 10             | 8271445      | 4558514      | 0.551115      | 0.00034770     | 0.00046837    
59.5            | W_10Wt                 | 2              | 8271445      | 6929358      | 0.837745      | 0.00034770     | 0.00037989    
59.5            | W_10Wt                 | 4              | 8271445      | 5807171      | 0.702075      | 0.00034770     | 0.00041497    
59.5            | W_10Wt                 | 6              | 8271445      | 4866556      | 0.588356      | 0.00034770     | 0.00045330    
59.5            | W_10Wt                 | 8              | 8271445      | 4077503      | 0.492961      | 0.00034770     | 0.00049523    
59.5            | W_10Wt                 | 10             | 8271445      | 3418055      | 0.413236      | 0.00034770     | 0.00054089    
59.5            | W_15Wt                 | 2              | 8271445      | 6501471      | 0.786014      | 0.00034770     | 0.00039219    
59.5            | W_15Wt                 | 4              | 8271445      | 5110692      | 0.617872      | 0.00034770     | 0.00044234    
59.5            | W_15Wt                 | 6              | 8271445      | 4018670      | 0.485849      | 0.00034770     | 0.00049884    
59.5            | W_15Wt                 | 8              | 8271445      | 3160086      | 0.382048      | 0.00034770     | 0.00056254    
59.5            | W_15Wt                 | 10             | 8271445      | 2484436      | 0.300363      | 0.00034770     | 0.00063443    
59.5            | W_20Wt                 | 2              | 8271445      | 6054018      | 0.731918      | 0.00034770     | 0.00040642    
59.5            | W_20Wt                 | 4              | 8271445      | 4432243      | 0.535849      | 0.00034770     | 0.00047499    
59.5            | W_20Wt                 | 6              | 8271445      | 3246836      | 0.392536      | 0.00034770     | 0.00055497    
59.5            | W_20Wt                 | 8              | 8271445      | 2377280      | 0.287408      | 0.00034770     | 0.00064857    
59.5            | W_20Wt                 | 10             | 8271445      | 1741545      | 0.210549      | 0.00034770     | 0.00075776    
59.5            | W_25Wt                 | 2              | 8271445      | 5589969      | 0.675815      | 0.00034770     | 0.00042296    
59.5            | W_25Wt                 | 4              | 8271445      | 3780582      | 0.457064      | 0.00034770     | 0.00051430    
59.5            | W_25Wt                 | 6              | 8271445      | 2556604      | 0.309088      | 0.00034770     | 0.00062541    
59.5            | W_25Wt                 | 8              | 8271445      | 1728979      | 0.209030      | 0.00034770     | 0.00076051    
59.5            | W_25Wt                 | 10             | 8271445      | 1168811      | 0.141307      | 0.00034770     | 0.00092497    
59.5            | W_30Wt                 | 2              | 8271445      | 5108903      | 0.617655      | 0.00034770     | 0.00044242    
59.5            | W_30Wt                 | 4              | 8271445      | 3157321      | 0.381713      | 0.00034770     | 0.00056278    
59.5            | W_30Wt                 | 6              | 8271445      | 1951886      | 0.235979      | 0.00034770     | 0.00071577    
59.5            | W_30Wt                 | 8              | 8271445      | 1205489      | 0.145741      | 0.00034770     | 0.00091079    
59.5            | W_30Wt                 | 10             | 8271445      | 744907       | 0.090058      | 0.00034770     | 0.00115864    
59.5            | BaSO4_5Wt              | 2              | 8271445      | 7196648      | 0.870059      | 0.00034770     | 0.00037276    
59.5            | BaSO4_5Wt              | 4              | 8271445      | 6263091      | 0.757194      | 0.00034770     | 0.00039958    
59.5            | BaSO4_5Wt              | 6              | 8271445      | 5451036      | 0.659019      | 0.00034770     | 0.00042831    
59.5            | BaSO4_5Wt              | 8              | 8271445      | 4742967      | 0.573415      | 0.00034770     | 0.00045917    
59.5            | BaSO4_5Wt              | 10             | 8271445      | 4127510      | 0.499007      | 0.00034770     | 0.00049222    
59.5            | BaSO4_10Wt             | 2              | 8271445      | 6659797      | 0.805155      | 0.00034770     | 0.00038750    
59.5            | BaSO4_10Wt             | 4              | 8271445      | 5362351      | 0.648297      | 0.00034770     | 0.00043184    
59.5            | BaSO4_10Wt             | 6              | 8271445      | 4319051      | 0.522164      | 0.00034770     | 0.00048118    
59.5            | BaSO4_10Wt             | 8              | 8271445      | 3479597      | 0.420676      | 0.00034770     | 0.00053609    
59.5            | BaSO4_10Wt             | 10             | 8271445      | 2801430      | 0.338687      | 0.00034770     | 0.00059746    
59.5            | BaSO4_15Wt             | 2              | 8271445      | 6123450      | 0.740312      | 0.00034770     | 0.00040411    
59.5            | BaSO4_15Wt             | 4              | 8271445      | 4534752      | 0.548242      | 0.00034770     | 0.00046959    
59.5            | BaSO4_15Wt             | 6              | 8271445      | 3359406      | 0.406145      | 0.00034770     | 0.00054559    
59.5            | BaSO4_15Wt             | 8              | 8271445      | 2487827      | 0.300773      | 0.00034770     | 0.00063400    
59.5            | BaSO4_15Wt             | 10             | 8271445      | 1843349      | 0.222857      | 0.00034770     | 0.00073654    
59.5            | BaSO4_20Wt             | 2              | 8271445      | 5593937      | 0.676295      | 0.00034770     | 0.00042281    
59.5            | BaSO4_20Wt             | 4              | 8271445      | 3785514      | 0.457661      | 0.00034770     | 0.00051397    
59.5            | BaSO4_20Wt             | 6              | 8271445      | 2561197      | 0.309643      | 0.00034770     | 0.00062485    
59.5            | BaSO4_20Wt             | 8              | 8271445      | 1732629      | 0.209471      | 0.00034770     | 0.00075971    
59.5            | BaSO4_20Wt             | 10             | 8271445      | 1172622      | 0.141767      | 0.00034770     | 0.00092347    
59.5            | BaSO4_25Wt             | 2              | 8271445      | 5071333      | 0.613113      | 0.00034770     | 0.00044406    
59.5            | BaSO4_25Wt             | 4              | 8271445      | 3110893      | 0.376100      | 0.00034770     | 0.00056697    
59.5            | BaSO4_25Wt             | 6              | 8271445      | 1908062      | 0.230681      | 0.00034770     | 0.00072394    
59.5            | BaSO4_25Wt             | 8              | 8271445      | 1170549      | 0.141517      | 0.00034770     | 0.00092428    
59.5            | BaSO4_25Wt             | 10             | 8271445      | 718195       | 0.086828      | 0.00034770     | 0.00117999    
59.5            | BaSO4_30Wt             | 2              | 8271445      | 4558177      | 0.551074      | 0.00034770     | 0.00046839    
59.5            | BaSO4_30Wt             | 4              | 8271445      | 2513077      | 0.303826      | 0.00034770     | 0.00063081    
59.5            | BaSO4_30Wt             | 6              | 8271445      | 1385643      | 0.167521      | 0.00034770     | 0.00084952    
59.5            | BaSO4_30Wt             | 8              | 8271445      | 763588       | 0.092316      | 0.00034770     | 0.00114438    
59.5            | BaSO4_30Wt             | 10             | 8271445      | 420713       | 0.050863      | 0.00034770     | 0.00154173    
59.5            | Bi2O3_5Wt              | 2              | 8271445      | 7235540      | 0.874761      | 0.00034770     | 0.00037176    
59.5            | Bi2O3_5Wt              | 4              | 8271445      | 6330727      | 0.765371      | 0.00034770     | 0.00039744    
59.5            | Bi2O3_5Wt              | 6              | 8271445      | 5540072      | 0.669783      | 0.00034770     | 0.00042486    
59.5            | Bi2O3_5Wt              | 8              | 8271445      | 4847358      | 0.586035      | 0.00034770     | 0.00045420    
59.5            | Bi2O3_5Wt              | 10             | 8271445      | 4240120      | 0.512621      | 0.00034770     | 0.00048564    
59.5            | Bi2O3_10Wt             | 2              | 8271445      | 6727585      | 0.813351      | 0.00034770     | 0.00038554    
59.5            | Bi2O3_10Wt             | 4              | 8271445      | 5473328      | 0.661714      | 0.00034770     | 0.00042744    
59.5            | Bi2O3_10Wt             | 6              | 8271445      | 4454104      | 0.538492      | 0.00034770     | 0.00047383    
59.5            | Bi2O3_10Wt             | 8              | 8271445      | 3623961      | 0.438129      | 0.00034770     | 0.00052530    
59.5            | Bi2O3_10Wt             | 10             | 8271445      | 2948861      | 0.356511      | 0.00034770     | 0.00058233    
59.5            | Bi2O3_15Wt             | 2              | 8271445      | 6212382      | 0.751064      | 0.00034770     | 0.00040121    
59.5            | Bi2O3_15Wt             | 4              | 8271445      | 4666331      | 0.564149      | 0.00034770     | 0.00046293    
59.5            | Bi2O3_15Wt             | 6              | 8271445      | 3506636      | 0.423945      | 0.00034770     | 0.00053402    
59.5            | Bi2O3_15Wt             | 8              | 8271445      | 2634389      | 0.318492      | 0.00034770     | 0.00061611    
59.5            | Bi2O3_15Wt             | 10             | 8271445      | 1979688      | 0.239340      | 0.00034770     | 0.00071073    
59.5            | Bi2O3_20Wt             | 2              | 8271445      | 5688148      | 0.687685      | 0.00034770     | 0.00041929    
59.5            | Bi2O3_20Wt             | 4              | 8271445      | 3912953      | 0.473068      | 0.00034770     | 0.00050553    
59.5            | Bi2O3_20Wt             | 6              | 8271445      | 2692534      | 0.325522      | 0.00034770     | 0.00060942    
59.5            | Bi2O3_20Wt             | 8              | 8271445      | 1852515      | 0.223965      | 0.00034770     | 0.00073472    
59.5            | Bi2O3_20Wt             | 10             | 8271445      | 1274021      | 0.154026      | 0.00034770     | 0.00088596    
59.5            | Bi2O3_25Wt             | 2              | 8271445      | 5159355      | 0.623755      | 0.00034770     | 0.00044025    
59.5            | Bi2O3_25Wt             | 4              | 8271445      | 3219842      | 0.389272      | 0.00034770     | 0.00055729    
59.5            | Bi2O3_25Wt             | 6              | 8271445      | 2010707      | 0.243090      | 0.00034770     | 0.00070522    
59.5            | Bi2O3_25Wt             | 8              | 8271445      | 1254088      | 0.151617      | 0.00034770     | 0.00089297    
59.5            | Bi2O3_25Wt             | 10             | 8271445      | 782609       | 0.094616      | 0.00034770     | 0.00113039    
59.5            | Bi2O3_30Wt             | 2              | 8271445      | 4628163      | 0.559535      | 0.00034770     | 0.00046483    
59.5            | Bi2O3_30Wt             | 4              | 8271445      | 2591164      | 0.313266      | 0.00034770     | 0.00062123    
59.5            | Bi2O3_30Wt             | 6              | 8271445      | 1450478      | 0.175360      | 0.00034770     | 0.00083032    
59.5            | Bi2O3_30Wt             | 8              | 8271445      | 811670       | 0.098129      | 0.00034770     | 0.00110997    
59.5            | Bi2O3_30Wt             | 10             | 8271445      | 454577       | 0.054957      | 0.00034770     | 0.00148319    
356             | PPS_0Wt                | 2              | 8392067      | 8162006      | 0.972586      | 0.00034520     | 0.00035003    
356             | PPS_0Wt                | 4              | 8392067      | 7937633      | 0.945850      | 0.00034520     | 0.00035494    
356             | PPS_0Wt                | 6              | 8392067      | 7719278      | 0.919830      | 0.00034520     | 0.00035992    
356             | PPS_0Wt                | 8              | 8392067      | 7507668      | 0.894615      | 0.00034520     | 0.00036496    
356             | PPS_0Wt                | 10             | 8392067      | 7302104      | 0.870120      | 0.00034520     | 0.00037006    
356             | G4_Pb                  | 2              | 8392067      | 4452114      | 0.530515      | 0.00034520     | 0.00047393    
356             | G4_Pb                  | 4              | 8392067      | 2361353      | 0.281379      | 0.00034520     | 0.00065076    
356             | G4_Pb                  | 6              | 8392067      | 1253221      | 0.149334      | 0.00034520     | 0.00089328    
356             | G4_Pb                  | 8              | 8392067      | 664426       | 0.079173      | 0.00034520     | 0.00122681    
356             | G4_Pb                  | 10             | 8392067      | 352496       | 0.042003      | 0.00034520     | 0.00168431    
356             | G4_W                   | 2              | 8392067      | 3480778      | 0.414770      | 0.00034520     | 0.00053600    
356             | G4_W                   | 4              | 8392067      | 1444353      | 0.172109      | 0.00034520     | 0.00083208    
356             | G4_W                   | 6              | 8392067      | 599295       | 0.071412      | 0.00034520     | 0.00129175    
356             | G4_W                   | 8              | 8392067      | 248137       | 0.029568      | 0.00034520     | 0.00200749    
356             | G4_W                   | 10             | 8392067      | 103182       | 0.012295      | 0.00034520     | 0.00311314    
356             | Ti3C2O2_5Wt            | 2              | 8392067      | 8153965      | 0.971628      | 0.00034520     | 0.00035020    
356             | Ti3C2O2_5Wt            | 4              | 8392067      | 7921712      | 0.943952      | 0.00034520     | 0.00035530    
356             | Ti3C2O2_5Wt            | 6              | 8392067      | 7696560      | 0.917123      | 0.00034520     | 0.00036046    
356             | Ti3C2O2_5Wt            | 8              | 8392067      | 7478273      | 0.891112      | 0.00034520     | 0.00036568    
356             | Ti3C2O2_5Wt            | 10             | 8392067      | 7266659      | 0.865896      | 0.00034520     | 0.00037096    
356             | Ti3C2O2_10Wt           | 2              | 8392067      | 8145150      | 0.970577      | 0.00034520     | 0.00035039    
356             | Ti3C2O2_10Wt           | 4              | 8392067      | 7905006      | 0.941962      | 0.00034520     | 0.00035567    
356             | Ti3C2O2_10Wt           | 6              | 8392067      | 7672024      | 0.914200      | 0.00034520     | 0.00036103    
356             | Ti3C2O2_10Wt           | 8              | 8392067      | 7446455      | 0.887321      | 0.00034520     | 0.00036646    
356             | Ti3C2O2_10Wt           | 10             | 8392067      | 7228039      | 0.861294      | 0.00034520     | 0.00037195    
356             | Ti3C2O2_15Wt           | 2              | 8392067      | 8135538      | 0.969432      | 0.00034520     | 0.00035060    
356             | Ti3C2O2_15Wt           | 4              | 8392067      | 7886705      | 0.939781      | 0.00034520     | 0.00035608    
356             | Ti3C2O2_15Wt           | 6              | 8392067      | 7645494      | 0.911038      | 0.00034520     | 0.00036166    
356             | Ti3C2O2_15Wt           | 8              | 8392067      | 7412441      | 0.883268      | 0.00034520     | 0.00036730    
356             | Ti3C2O2_15Wt           | 10             | 8392067      | 7186584      | 0.856354      | 0.00034520     | 0.00037303    
356             | Ti3C2O2_20Wt           | 2              | 8392067      | 8125364      | 0.968220      | 0.00034520     | 0.00035082    
356             | Ti3C2O2_20Wt           | 4              | 8392067      | 7866879      | 0.937419      | 0.00034520     | 0.00035653    
356             | Ti3C2O2_20Wt           | 6              | 8392067      | 7616852      | 0.907625      | 0.00034520     | 0.00036234    
356             | Ti3C2O2_20Wt           | 8              | 8392067      | 7375626      | 0.878881      | 0.00034520     | 0.00036821    
356             | Ti3C2O2_20Wt           | 10             | 8392067      | 7141731      | 0.851010      | 0.00034520     | 0.00037420    
356             | Ti3C2O2_25Wt           | 2              | 8392067      | 8114289      | 0.966900      | 0.00034520     | 0.00035105    
356             | Ti3C2O2_25Wt           | 4              | 8392067      | 7845501      | 0.934871      | 0.00034520     | 0.00035702    
356             | Ti3C2O2_25Wt           | 6              | 8392067      | 7585703      | 0.903914      | 0.00034520     | 0.00036308    
356             | Ti3C2O2_25Wt           | 8              | 8392067      | 7335171      | 0.874060      | 0.00034520     | 0.00036923    
356             | Ti3C2O2_25Wt           | 10             | 8392067      | 7092687      | 0.845166      | 0.00034520     | 0.00037549    
356             | Ti3C2O2_30Wt           | 2              | 8392067      | 8102091      | 0.965446      | 0.00034520     | 0.00035132    
356             | Ti3C2O2_30Wt           | 4              | 8392067      | 7821843      | 0.932052      | 0.00034520     | 0.00035756    
356             | Ti3C2O2_30Wt           | 6              | 8392067      | 7551561      | 0.899845      | 0.00034520     | 0.00036390    
356             | Ti3C2O2_30Wt           | 8              | 8392067      | 7291322      | 0.868835      | 0.00034520     | 0.00037034    
356             | Ti3C2O2_30Wt           | 10             | 8392067      | 7039987      | 0.838886      | 0.00034520     | 0.00037689    
356             | Pb_5Wt                 | 2              | 8392067      | 8131251      | 0.968921      | 0.00034520     | 0.00035069    
356             | Pb_5Wt                 | 4              | 8392067      | 7877525      | 0.938687      | 0.00034520     | 0.00035629    
356             | Pb_5Wt                 | 6              | 8392067      | 7632191      | 0.909453      | 0.00034520     | 0.00036197    
356             | Pb_5Wt                 | 8              | 8392067      | 7395265      | 0.881221      | 0.00034520     | 0.00036772    
356             | Pb_5Wt                 | 10             | 8392067      | 7166014      | 0.853903      | 0.00034520     | 0.00037356    
356             | Pb_10Wt                | 2              | 8392067      | 8097574      | 0.964908      | 0.00034520     | 0.00035142    
356             | Pb_10Wt                | 4              | 8392067      | 7812773      | 0.930971      | 0.00034520     | 0.00035776    
356             | Pb_10Wt                | 6              | 8392067      | 7538231      | 0.898257      | 0.00034520     | 0.00036422    
356             | Pb_10Wt                | 8              | 8392067      | 7273664      | 0.866731      | 0.00034520     | 0.00037079    
356             | Pb_10Wt                | 10             | 8392067      | 7019227      | 0.836412      | 0.00034520     | 0.00037745    
356             | Pb_15Wt                | 2              | 8392067      | 8060521      | 0.960493      | 0.00034520     | 0.00035222    
356             | Pb_15Wt                | 4              | 8392067      | 7741969      | 0.922534      | 0.00034520     | 0.00035940    
356             | Pb_15Wt                | 6              | 8392067      | 7435748      | 0.886045      | 0.00034520     | 0.00036672    
356             | Pb_15Wt                | 8              | 8392067      | 7142606      | 0.851114      | 0.00034520     | 0.00037417    
356             | Pb_15Wt                | 10             | 8392067      | 6860793      | 0.817533      | 0.00034520     | 0.00038178    
356             | Pb_20Wt                | 2              | 8392067      | 8019819      | 0.955643      | 0.00034520     | 0.00035312    
356             | Pb_20Wt                | 4              | 8392067      | 7663801      | 0.913220      | 0.00034520     | 0.00036123    
356             | Pb_20Wt                | 6              | 8392067      | 7324092      | 0.872740      | 0.00034520     | 0.00036951    
356             | Pb_20Wt                | 8              | 8392067      | 6999972      | 0.834118      | 0.00034520     | 0.00037797    
356             | Pb_20Wt                | 10             | 8392067      | 6690219      | 0.797208      | 0.00034520     | 0.00038662    
356             | Pb_25Wt                | 2              | 8392067      | 7975203      | 0.950326      | 0.00034520     | 0.00035410    
356             | Pb_25Wt                | 4              | 8392067      | 7578245      | 0.903025      | 0.00034520     | 0.00036326    
356             | Pb_25Wt                | 6              | 8392067      | 7201794      | 0.858167      | 0.00034520     | 0.00037263    
356             | Pb_25Wt                | 8              | 8392067      | 6844426      | 0.815583      | 0.00034520     | 0.00038224    
356             | Pb_25Wt                | 10             | 8392067      | 6504982      | 0.775135      | 0.00034520     | 0.00039208    
356             | Pb_30Wt                | 2              | 8392067      | 7925343      | 0.944385      | 0.00034520     | 0.00035521    
356             | Pb_30Wt                | 4              | 8392067      | 7483660      | 0.891754      | 0.00034520     | 0.00036555    
356             | Pb_30Wt                | 6              | 8392067      | 7067212      | 0.842130      | 0.00034520     | 0.00037616    
356             | Pb_30Wt                | 8              | 8392067      | 6674624      | 0.795349      | 0.00034520     | 0.00038707    
356             | Pb_30Wt                | 10             | 8392067      | 6304087      | 0.751196      | 0.00034520     | 0.00039828    
356             | W_5Wt                  | 2              | 8392067      | 8136745      | 0.969576      | 0.00034520     | 0.00035057    
356             | W_5Wt                  | 4              | 8392067      | 7887840      | 0.939916      | 0.00034520     | 0.00035606    
356             | W_5Wt                  | 6              | 8392067      | 7647135      | 0.911234      | 0.00034520     | 0.00036162    
356             | W_5Wt                  | 8              | 8392067      | 7414307      | 0.883490      | 0.00034520     | 0.00036725    
356             | W_5Wt                  | 10             | 8392067      | 7188852      | 0.856625      | 0.00034520     | 0.00037297    
356             | W_10Wt                 | 2              | 8392067      | 8108360      | 0.966193      | 0.00034520     | 0.00035118    
356             | W_10Wt                 | 4              | 8392067      | 7833710      | 0.933466      | 0.00034520     | 0.00035729    
356             | W_10Wt                 | 6              | 8392067      | 7568209      | 0.901829      | 0.00034520     | 0.00036350    
356             | W_10Wt                 | 8              | 8392067      | 7312677      | 0.871380      | 0.00034520     | 0.00036980    
356             | W_10Wt                 | 10             | 8392067      | 7065839      | 0.841966      | 0.00034520     | 0.00037620    
356             | W_15Wt                 | 2              | 8392067      | 8077192      | 0.962479      | 0.00034520     | 0.00035186    
356             | W_15Wt                 | 4              | 8392067      | 7773860      | 0.926334      | 0.00034520     | 0.00035866    
356             | W_15Wt                 | 6              | 8392067      | 7481915      | 0.891546      | 0.00034520     | 0.00036559    
356             | W_15Wt                 | 8              | 8392067      | 7202140      | 0.858208      | 0.00034520     | 0.00037262    
356             | W_15Wt                 | 10             | 8392067      | 6932354      | 0.826060      | 0.00034520     | 0.00037980    
356             | W_20Wt                 | 2              | 8392067      | 8042989      | 0.958404      | 0.00034520     | 0.00035261    
356             | W_20Wt                 | 4              | 8392067      | 7707687      | 0.918449      | 0.00034520     | 0.00036020    
356             | W_20Wt                 | 6              | 8392067      | 7387000      | 0.880236      | 0.00034520     | 0.00036793    
356             | W_20Wt                 | 8              | 8392067      | 7080478      | 0.843711      | 0.00034520     | 0.00037581    
356             | W_20Wt                 | 10             | 8392067      | 6786663      | 0.808700      | 0.00034520     | 0.00038386    
356             | W_25Wt                 | 2              | 8392067      | 8004448      | 0.953811      | 0.00034520     | 0.00035346    
356             | W_25Wt                 | 4              | 8392067      | 7634354      | 0.909711      | 0.00034520     | 0.00036192    
356             | W_25Wt                 | 6              | 8392067      | 7281945      | 0.867718      | 0.00034520     | 0.00037058    
356             | W_25Wt                 | 8              | 8392067      | 6946581      | 0.827756      | 0.00034520     | 0.00037941    
356             | W_25Wt                 | 10             | 8392067      | 6626617      | 0.789629      | 0.00034520     | 0.00038847    
356             | W_30Wt                 | 2              | 8392067      | 7961870      | 0.948738      | 0.00034520     | 0.00035440    
356             | W_30Wt                 | 4              | 8392067      | 7552722      | 0.899984      | 0.00034520     | 0.00036387    
356             | W_30Wt                 | 6              | 8392067      | 7165319      | 0.853821      | 0.00034520     | 0.00037358    
356             | W_30Wt                 | 8              | 8392067      | 6798469      | 0.810107      | 0.00034520     | 0.00038353    
356             | W_30Wt                 | 10             | 8392067      | 6449854      | 0.768566      | 0.00034520     | 0.00039375    
356             | BaSO4_5Wt              | 2              | 8392067      | 8151362      | 0.971318      | 0.00034520     | 0.00035026    
356             | BaSO4_5Wt              | 4              | 8392067      | 7916702      | 0.943355      | 0.00034520     | 0.00035541    
356             | BaSO4_5Wt              | 6              | 8392067      | 7688990      | 0.916221      | 0.00034520     | 0.00036063    
356             | BaSO4_5Wt              | 8              | 8392067      | 7468594      | 0.889959      | 0.00034520     | 0.00036592    
356             | BaSO4_5Wt              | 10             | 8392067      | 7254656      | 0.864466      | 0.00034520     | 0.00037127    
356             | BaSO4_10Wt             | 2              | 8392067      | 8139810      | 0.969941      | 0.00034520     | 0.00035050    
356             | BaSO4_10Wt             | 4              | 8392067      | 7894315      | 0.940688      | 0.00034520     | 0.00035591    
356             | BaSO4_10Wt             | 6              | 8392067      | 7656431      | 0.912342      | 0.00034520     | 0.00036140    
356             | BaSO4_10Wt             | 8              | 8392067      | 7426512      | 0.884944      | 0.00034520     | 0.00036695    
356             | BaSO4_10Wt             | 10             | 8392067      | 7203629      | 0.858386      | 0.00034520     | 0.00037258    
356             | BaSO4_15Wt             | 2              | 8392067      | 8127412      | 0.968464      | 0.00034520     | 0.00035077    
356             | BaSO4_15Wt             | 4              | 8392067      | 7870237      | 0.937819      | 0.00034520     | 0.00035646    
356             | BaSO4_15Wt             | 6              | 8392067      | 7621637      | 0.908195      | 0.00034520     | 0.00036222    
356             | BaSO4_15Wt             | 8              | 8392067      | 7381410      | 0.879570      | 0.00034520     | 0.00036807    
356             | BaSO4_15Wt             | 10             | 8392067      | 7148711      | 0.851842      | 0.00034520     | 0.00037401    
356             | BaSO4_20Wt             | 2              | 8392067      | 8113886      | 0.966852      | 0.00034520     | 0.00035106    
356             | BaSO4_20Wt             | 4              | 8392067      | 7844433      | 0.934744      | 0.00034520     | 0.00035704    
356             | BaSO4_20Wt             | 6              | 8392067      | 7583869      | 0.903695      | 0.00034520     | 0.00036312    
356             | BaSO4_20Wt             | 8              | 8392067      | 7332906      | 0.873790      | 0.00034520     | 0.00036929    
356             | BaSO4_20Wt             | 10             | 8392067      | 7089857      | 0.844828      | 0.00034520     | 0.00037556    
356             | BaSO4_25Wt             | 2              | 8392067      | 8099292      | 0.965113      | 0.00034520     | 0.00035138    
356             | BaSO4_25Wt             | 4              | 8392067      | 7816313      | 0.931393      | 0.00034520     | 0.00035768    
356             | BaSO4_25Wt             | 6              | 8392067      | 7543345      | 0.898866      | 0.00034520     | 0.00036410    
356             | BaSO4_25Wt             | 8              | 8392067      | 7280794      | 0.867581      | 0.00034520     | 0.00037060    
356             | BaSO4_25Wt             | 10             | 8392067      | 7027581      | 0.837408      | 0.00034520     | 0.00037722    
356             | BaSO4_30Wt             | 2              | 8392067      | 8083683      | 0.963253      | 0.00034520     | 0.00035172    
356             | BaSO4_30Wt             | 4              | 8392067      | 7785953      | 0.927775      | 0.00034520     | 0.00035838    
356             | BaSO4_30Wt             | 6              | 8392067      | 7499420      | 0.893632      | 0.00034520     | 0.00036516    
356             | BaSO4_30Wt             | 8              | 8392067      | 7224436      | 0.860865      | 0.00034520     | 0.00037205    
356             | BaSO4_30Wt             | 10             | 8392067      | 6959692      | 0.829318      | 0.00034520     | 0.00037906    
356             | Bi2O3_5Wt              | 2              | 8392067      | 8132932      | 0.969121      | 0.00034520     | 0.00035065    
356             | Bi2O3_5Wt              | 4              | 8392067      | 7880817      | 0.939079      | 0.00034520     | 0.00035622    
356             | Bi2O3_5Wt              | 6              | 8392067      | 7636867      | 0.910010      | 0.00034520     | 0.00036186    
356             | Bi2O3_5Wt              | 8              | 8392067      | 7401097      | 0.881916      | 0.00034520     | 0.00036758    
356             | Bi2O3_5Wt              | 10             | 8392067      | 7172831      | 0.854716      | 0.00034520     | 0.00037338    
356             | Bi2O3_10Wt             | 2              | 8392067      | 8101212      | 0.965342      | 0.00034520     | 0.00035134    
356             | Bi2O3_10Wt             | 4              | 8392067      | 7819508      | 0.931774      | 0.00034520     | 0.00035761    
356             | Bi2O3_10Wt             | 6              | 8392067      | 7548153      | 0.899439      | 0.00034520     | 0.00036398    
356             | Bi2O3_10Wt             | 8              | 8392067      | 7286540      | 0.868265      | 0.00034520     | 0.00037046    
356             | Bi2O3_10Wt             | 10             | 8392067      | 7034438      | 0.838225      | 0.00034520     | 0.00037704    
356             | Bi2O3_15Wt             | 2              | 8392067      | 8066191      | 0.961169      | 0.00034520     | 0.00035210    
356             | Bi2O3_15Wt             | 4              | 8392067      | 7752968      | 0.923845      | 0.00034520     | 0.00035914    
356             | Bi2O3_15Wt             | 6              | 8392067      | 7451658      | 0.887941      | 0.00034520     | 0.00036633    
356             | Bi2O3_15Wt             | 8              | 8392067      | 7163011      | 0.853545      | 0.00034520     | 0.00037364    
356             | Bi2O3_15Wt             | 10             | 8392067      | 6885632      | 0.820493      | 0.00034520     | 0.00038109    
356             | Bi2O3_20Wt             | 2              | 8392067      | 8028296      | 0.956653      | 0.00034520     | 0.00035293    
356             | Bi2O3_20Wt             | 4              | 8392067      | 7679633      | 0.915106      | 0.00034520     | 0.00036085    
356             | Bi2O3_20Wt             | 6              | 8392067      | 7346520      | 0.875412      | 0.00034520     | 0.00036894    
356             | Bi2O3_20Wt             | 8              | 8392067      | 7029211      | 0.837602      | 0.00034520     | 0.00037718    
356             | Bi2O3_20Wt             | 10             | 8392067      | 6725165      | 0.801372      | 0.00034520     | 0.00038561    
356             | Bi2O3_25Wt             | 2              | 8392067      | 7986709      | 0.951697      | 0.00034520     | 0.00035385    
356             | Bi2O3_25Wt             | 4              | 8392067      | 7599903      | 0.905606      | 0.00034520     | 0.00036274    
356             | Bi2O3_25Wt             | 6              | 8392067      | 7232692      | 0.861849      | 0.00034520     | 0.00037183    
356             | Bi2O3_25Wt             | 8              | 8392067      | 6884042      | 0.820304      | 0.00034520     | 0.00038113    
356             | Bi2O3_25Wt             | 10             | 8392067      | 6551759      | 0.780709      | 0.00034520     | 0.00039068    
356             | Bi2O3_30Wt             | 2              | 8392067      | 7940204      | 0.946156      | 0.00034520     | 0.00035488    
356             | Bi2O3_30Wt             | 4              | 8392067      | 7511856      | 0.895114      | 0.00034520     | 0.00036486    
356             | Bi2O3_30Wt             | 6              | 8392067      | 7107643      | 0.846948      | 0.00034520     | 0.00037509    
356             | Bi2O3_30Wt             | 8              | 8392067      | 6725154      | 0.801370      | 0.00034520     | 0.00038561    
356             | Bi2O3_30Wt             | 10             | 8392067      | 6363936      | 0.758328      | 0.00034520     | 0.00039640    
511             | PPS_0Wt                | 2              | 6913935      | 6747133      | 0.975875      | 0.00038031     | 0.00038498    
511             | PPS_0Wt                | 4              | 6913935      | 6587603      | 0.952801      | 0.00038031     | 0.00038962    
511             | PPS_0Wt                | 6              | 6913935      | 6432604      | 0.930382      | 0.00038031     | 0.00039428    
511             | PPS_0Wt                | 8              | 6913935      | 6280671      | 0.908408      | 0.00038031     | 0.00039902    
511             | PPS_0Wt                | 10             | 6913935      | 6131823      | 0.886879      | 0.00038031     | 0.00040384    
511             | G4_Pb                  | 2              | 6913935      | 4914669      | 0.710835      | 0.00038031     | 0.00045108    
511             | G4_Pb                  | 4              | 6913935      | 3494302      | 0.505400      | 0.00038031     | 0.00053496    
511             | G4_Pb                  | 6              | 6913935      | 2484375      | 0.359329      | 0.00038031     | 0.00063444    
511             | G4_Pb                  | 8              | 6913935      | 1766091      | 0.255439      | 0.00038031     | 0.00075248    
511             | G4_Pb                  | 10             | 6913935      | 1255140      | 0.181538      | 0.00038031     | 0.00089259    
511             | G4_W                   | 2              | 6913935      | 4200366      | 0.607522      | 0.00038031     | 0.00048793    
511             | G4_W                   | 4              | 6913935      | 2554735      | 0.369505      | 0.00038031     | 0.00062564    
511             | G4_W                   | 6              | 6913935      | 1551951      | 0.224467      | 0.00038031     | 0.00080271    
511             | G4_W                   | 8              | 6913935      | 944342       | 0.136585      | 0.00038031     | 0.00102905    
511             | G4_W                   | 10             | 6913935      | 574994       | 0.083165      | 0.00038031     | 0.00131877    
511             | Ti3C2O2_5Wt            | 2              | 6913935      | 6741387      | 0.975043      | 0.00038031     | 0.00038515    
511             | Ti3C2O2_5Wt            | 4              | 6913935      | 6576749      | 0.951231      | 0.00038031     | 0.00038994    
511             | Ti3C2O2_5Wt            | 6              | 6913935      | 6416046      | 0.927988      | 0.00038031     | 0.00039479    
511             | Ti3C2O2_5Wt            | 8              | 6913935      | 6259556      | 0.905354      | 0.00038031     | 0.00039969    
511             | Ti3C2O2_5Wt            | 10             | 6913935      | 6105893      | 0.883128      | 0.00038031     | 0.00040469    
511             | Ti3C2O2_10Wt           | 2              | 6913935      | 6735448      | 0.974184      | 0.00038031     | 0.00038532    
511             | Ti3C2O2_10Wt           | 4              | 6913935      | 6564941      | 0.949523      | 0.00038031     | 0.00039029    
511             | Ti3C2O2_10Wt           | 6              | 6913935      | 6398633      | 0.925469      | 0.00038031     | 0.00039533    
511             | Ti3C2O2_10Wt           | 8              | 6913935      | 6237068      | 0.902101      | 0.00038031     | 0.00040041    
511             | Ti3C2O2_10Wt           | 10             | 6913935      | 6077992      | 0.879093      | 0.00038031     | 0.00040562    
511             | Ti3C2O2_15Wt           | 2              | 6913935      | 6728789      | 0.973221      | 0.00038031     | 0.00038551    
511             | Ti3C2O2_15Wt           | 4              | 6913935      | 6552169      | 0.947676      | 0.00038031     | 0.00039067    
511             | Ti3C2O2_15Wt           | 6              | 6913935      | 6380253      | 0.922811      | 0.00038031     | 0.00039590    
511             | Ti3C2O2_15Wt           | 8              | 6913935      | 6212465      | 0.898543      | 0.00038031     | 0.00040121    
511             | Ti3C2O2_15Wt           | 10             | 6913935      | 6048353      | 0.874806      | 0.00038031     | 0.00040661    
511             | Ti3C2O2_20Wt           | 2              | 6913935      | 6721716      | 0.972198      | 0.00038031     | 0.00038571    
511             | Ti3C2O2_20Wt           | 4              | 6913935      | 6537998      | 0.945626      | 0.00038031     | 0.00039109    
511             | Ti3C2O2_20Wt           | 6              | 6913935      | 6359918      | 0.919870      | 0.00038031     | 0.00039653    
511             | Ti3C2O2_20Wt           | 8              | 6913935      | 6185898      | 0.894700      | 0.00038031     | 0.00040207    
511             | Ti3C2O2_20Wt           | 10             | 6913935      | 6016338      | 0.870176      | 0.00038031     | 0.00040769    
511             | Ti3C2O2_25Wt           | 2              | 6913935      | 6713665      | 0.971034      | 0.00038031     | 0.00038594    
511             | Ti3C2O2_25Wt           | 4              | 6913935      | 6522939      | 0.943448      | 0.00038031     | 0.00039154    
511             | Ti3C2O2_25Wt           | 6              | 6913935      | 6337952      | 0.916692      | 0.00038031     | 0.00039721    
511             | Ti3C2O2_25Wt           | 8              | 6913935      | 6157304      | 0.890564      | 0.00038031     | 0.00040300    
511             | Ti3C2O2_25Wt           | 10             | 6913935      | 5981255      | 0.865101      | 0.00038031     | 0.00040889    
511             | Ti3C2O2_30Wt           | 2              | 6913935      | 6705273      | 0.969820      | 0.00038031     | 0.00038618    
511             | Ti3C2O2_30Wt           | 4              | 6913935      | 6506233      | 0.941032      | 0.00038031     | 0.00039204    
511             | Ti3C2O2_30Wt           | 6              | 6913935      | 6313925      | 0.913217      | 0.00038031     | 0.00039797    
511             | Ti3C2O2_30Wt           | 8              | 6913935      | 6126149      | 0.886058      | 0.00038031     | 0.00040402    
511             | Ti3C2O2_30Wt           | 10             | 6913935      | 5943027      | 0.859572      | 0.00038031     | 0.00041020    
511             | Pb_5Wt                 | 2              | 6913935      | 6736521      | 0.974340      | 0.00038031     | 0.00038529    
511             | Pb_5Wt                 | 4              | 6913935      | 6564159      | 0.949410      | 0.00038031     | 0.00039031    
511             | Pb_5Wt                 | 6              | 6913935      | 6395690      | 0.925043      | 0.00038031     | 0.00039542    
511             | Pb_5Wt                 | 8              | 6913935      | 6232401      | 0.901426      | 0.00038031     | 0.00040056    
511             | Pb_5Wt                 | 10             | 6913935      | 6072476      | 0.878295      | 0.00038031     | 0.00040580    
511             | Pb_10Wt                | 2              | 6913935      | 6721856      | 0.972219      | 0.00038031     | 0.00038571    
511             | Pb_10Wt                | 4              | 6913935      | 6535904      | 0.945323      | 0.00038031     | 0.00039115    
511             | Pb_10Wt                | 6              | 6913935      | 6353991      | 0.919012      | 0.00038031     | 0.00039671    
511             | Pb_10Wt                | 8              | 6913935      | 6178372      | 0.893612      | 0.00038031     | 0.00040231    
511             | Pb_10Wt                | 10             | 6913935      | 6006593      | 0.868766      | 0.00038031     | 0.00040802    
511             | Pb_15Wt                | 2              | 6913935      | 6705817      | 0.969899      | 0.00038031     | 0.00038617    
511             | Pb_15Wt                | 4              | 6913935      | 6504270      | 0.940748      | 0.00038031     | 0.00039210    
511             | Pb_15Wt                | 6              | 6913935      | 6308446      | 0.912425      | 0.00038031     | 0.00039814    
511             | Pb_15Wt                | 8              | 6913935      | 6119250      | 0.885060      | 0.00038031     | 0.00040425    
511             | Pb_15Wt                | 10             | 6913935      | 5935397      | 0.858469      | 0.00038031     | 0.00041046    
511             | Pb_20Wt                | 2              | 6913935      | 6688345      | 0.967372      | 0.00038031     | 0.00038667    
511             | Pb_20Wt                | 4              | 6913935      | 6469904      | 0.935777      | 0.00038031     | 0.00039314    
511             | Pb_20Wt                | 6              | 6913935      | 6259005      | 0.905274      | 0.00038031     | 0.00039971    
511             | Pb_20Wt                | 8              | 6913935      | 6055067      | 0.875777      | 0.00038031     | 0.00040639    
511             | Pb_20Wt                | 10             | 6913935      | 5857469      | 0.847198      | 0.00038031     | 0.00041319    
511             | Pb_25Wt                | 2              | 6913935      | 6668403      | 0.964487      | 0.00038031     | 0.00038725    
511             | Pb_25Wt                | 4              | 6913935      | 6431723      | 0.930255      | 0.00038031     | 0.00039431    
511             | Pb_25Wt                | 6              | 6913935      | 6204067      | 0.897328      | 0.00038031     | 0.00040148    
511             | Pb_25Wt                | 8              | 6913935      | 5984420      | 0.865559      | 0.00038031     | 0.00040878    
511             | Pb_25Wt                | 10             | 6913935      | 5772240      | 0.834870      | 0.00038031     | 0.00041622    
511             | Pb_30Wt                | 2              | 6913935      | 6646332      | 0.961295      | 0.00038031     | 0.00038789    
511             | Pb_30Wt                | 4              | 6913935      | 6389470      | 0.924144      | 0.00038031     | 0.00039561    
511             | Pb_30Wt                | 6              | 6913935      | 6143194      | 0.888524      | 0.00038031     | 0.00040346    
511             | Pb_30Wt                | 8              | 6913935      | 5906174      | 0.854242      | 0.00038031     | 0.00041148    
511             | Pb_30Wt                | 10             | 6913935      | 5677814      | 0.821213      | 0.00038031     | 0.00041967    
511             | W_5Wt                  | 2              | 6913935      | 6735349      | 0.974170      | 0.00038031     | 0.00038532    
511             | W_5Wt                  | 4              | 6913935      | 6565095      | 0.949545      | 0.00038031     | 0.00039028    
511             | W_5Wt                  | 6              | 6913935      | 6399012      | 0.925524      | 0.00038031     | 0.00039532    
511             | W_5Wt                  | 8              | 6913935      | 6236920      | 0.902080      | 0.00038031     | 0.00040042    
511             | W_5Wt                  | 10             | 6913935      | 6078129      | 0.879113      | 0.00038031     | 0.00040562    
511             | W_10Wt                 | 2              | 6913935      | 6722516      | 0.972314      | 0.00038031     | 0.00038569    
511             | W_10Wt                 | 4              | 6913935      | 6539989      | 0.945914      | 0.00038031     | 0.00039103    
511             | W_10Wt                 | 6              | 6913935      | 6361931      | 0.920161      | 0.00038031     | 0.00039647    
511             | W_10Wt                 | 8              | 6913935      | 6189095      | 0.895162      | 0.00038031     | 0.00040196    
511             | W_10Wt                 | 10             | 6913935      | 6019804      | 0.870677      | 0.00038031     | 0.00040758    
511             | W_15Wt                 | 2              | 6913935      | 6708095      | 0.970228      | 0.00038031     | 0.00038610    
511             | W_15Wt                 | 4              | 6913935      | 6511681      | 0.941820      | 0.00038031     | 0.00039188    
511             | W_15Wt                 | 6              | 6913935      | 6321656      | 0.914335      | 0.00038031     | 0.00039773    
511             | W_15Wt                 | 8              | 6913935      | 6136167      | 0.887507      | 0.00038031     | 0.00040369    
511             | W_15Wt                 | 10             | 6913935      | 5955825      | 0.861423      | 0.00038031     | 0.00040976    
511             | W_20Wt                 | 2              | 6913935      | 6692215      | 0.967931      | 0.00038031     | 0.00038656    
511             | W_20Wt                 | 4              | 6913935      | 6480993      | 0.937381      | 0.00038031     | 0.00039281    
511             | W_20Wt                 | 6              | 6913935      | 6276388      | 0.907788      | 0.00038031     | 0.00039916    
511             | W_20Wt                 | 8              | 6913935      | 6078464      | 0.879161      | 0.00038031     | 0.00040560    
511             | W_20Wt                 | 10             | 6913935      | 5885568      | 0.851262      | 0.00038031     | 0.00041220    
511             | W_25Wt                 | 2              | 6913935      | 6674642      | 0.965390      | 0.00038031     | 0.00038707    
511             | W_25Wt                 | 4              | 6913935      | 6446280      | 0.932361      | 0.00038031     | 0.00039386    
511             | W_25Wt                 | 6              | 6913935      | 6227308      | 0.900689      | 0.00038031     | 0.00040073    
511             | W_25Wt                 | 8              | 6913935      | 6014051      | 0.869845      | 0.00038031     | 0.00040777    
511             | W_25Wt                 | 10             | 6913935      | 5807532      | 0.839975      | 0.00038031     | 0.00041496    
511             | W_30Wt                 | 2              | 6913935      | 6654714      | 0.962507      | 0.00038031     | 0.00038765    
511             | W_30Wt                 | 4              | 6913935      | 6407938      | 0.926815      | 0.00038031     | 0.00039504    
511             | W_30Wt                 | 6              | 6913935      | 6171258      | 0.892583      | 0.00038031     | 0.00040254    
511             | W_30Wt                 | 8              | 6913935      | 5942288      | 0.859465      | 0.00038031     | 0.00041023    
511             | W_30Wt                 | 10             | 6913935      | 5721503      | 0.827532      | 0.00038031     | 0.00041807    
511             | BaSO4_5Wt              | 2              | 6913935      | 6740989      | 0.974986      | 0.00038031     | 0.00038516    
511             | BaSO4_5Wt              | 4              | 6913935      | 6576081      | 0.951134      | 0.00038031     | 0.00038996    
511             | BaSO4_5Wt              | 6              | 6913935      | 6414996      | 0.927836      | 0.00038031     | 0.00039482    
511             | BaSO4_5Wt              | 8              | 6913935      | 6258024      | 0.905132      | 0.00038031     | 0.00039974    
511             | BaSO4_5Wt              | 10             | 6913935      | 6104205      | 0.882884      | 0.00038031     | 0.00040475    
511             | BaSO4_10Wt             | 2              | 6913935      | 6734817      | 0.974093      | 0.00038031     | 0.00038533    
511             | BaSO4_10Wt             | 4              | 6913935      | 6563473      | 0.949311      | 0.00038031     | 0.00039033    
511             | BaSO4_10Wt             | 6              | 6913935      | 6396369      | 0.925142      | 0.00038031     | 0.00039540    
511             | BaSO4_10Wt             | 8              | 6913935      | 6234183      | 0.901684      | 0.00038031     | 0.00040051    
511             | BaSO4_10Wt             | 10             | 6913935      | 6074850      | 0.878639      | 0.00038031     | 0.00040573    
511             | BaSO4_15Wt             | 2              | 6913935      | 6727582      | 0.973047      | 0.00038031     | 0.00038554    
511             | BaSO4_15Wt             | 4              | 6913935      | 6550042      | 0.947368      | 0.00038031     | 0.00039073    
511             | BaSO4_15Wt             | 6              | 6913935      | 6376780      | 0.922308      | 0.00038031     | 0.00039600    
511             | BaSO4_15Wt             | 8              | 6913935      | 6208467      | 0.897964      | 0.00038031     | 0.00040134    
511             | BaSO4_15Wt             | 10             | 6913935      | 6043359      | 0.874084      | 0.00038031     | 0.00040678    
511             | BaSO4_20Wt             | 2              | 6913935      | 6720187      | 0.971977      | 0.00038031     | 0.00038575    
511             | BaSO4_20Wt             | 4              | 6913935      | 6535186      | 0.945219      | 0.00038031     | 0.00039117    
511             | BaSO4_20Wt             | 6              | 6913935      | 6355702      | 0.919260      | 0.00038031     | 0.00039666    
511             | BaSO4_20Wt             | 8              | 6913935      | 6180636      | 0.893939      | 0.00038031     | 0.00040224    
511             | BaSO4_20Wt             | 10             | 6913935      | 6009665      | 0.869211      | 0.00038031     | 0.00040792    
511             | BaSO4_25Wt             | 2              | 6913935      | 6712040      | 0.970799      | 0.00038031     | 0.00038599    
511             | BaSO4_25Wt             | 4              | 6913935      | 6519232      | 0.942912      | 0.00038031     | 0.00039165    
511             | BaSO4_25Wt             | 6              | 6913935      | 6332468      | 0.915899      | 0.00038031     | 0.00039739    
511             | BaSO4_25Wt             | 8              | 6913935      | 6150500      | 0.889580      | 0.00038031     | 0.00040322    
511             | BaSO4_25Wt             | 10             | 6913935      | 5972676      | 0.863861      | 0.00038031     | 0.00040918    
511             | BaSO4_30Wt             | 2              | 6913935      | 6702978      | 0.969488      | 0.00038031     | 0.00038625    
511             | BaSO4_30Wt             | 4              | 6913935      | 6501757      | 0.940384      | 0.00038031     | 0.00039218    
511             | BaSO4_30Wt             | 6              | 6913935      | 6307676      | 0.912313      | 0.00038031     | 0.00039817    
511             | BaSO4_30Wt             | 8              | 6913935      | 6117947      | 0.884872      | 0.00038031     | 0.00040429    
511             | BaSO4_30Wt             | 10             | 6913935      | 5933447      | 0.858187      | 0.00038031     | 0.00041053    
511             | Bi2O3_5Wt              | 2              | 6913935      | 6737071      | 0.974419      | 0.00038031     | 0.00038527    
511             | Bi2O3_5Wt              | 4              | 6913935      | 6565304      | 0.949576      | 0.00038031     | 0.00039028    
511             | Bi2O3_5Wt              | 6              | 6913935      | 6397331      | 0.925281      | 0.00038031     | 0.00039537    
511             | Bi2O3_5Wt              | 8              | 6913935      | 6234506      | 0.901730      | 0.00038031     | 0.00040050    
511             | Bi2O3_5Wt              | 10             | 6913935      | 6075081      | 0.878672      | 0.00038031     | 0.00040572    
511             | Bi2O3_10Wt             | 2              | 6913935      | 6723142      | 0.972405      | 0.00038031     | 0.00038567    
511             | Bi2O3_10Wt             | 4              | 6913935      | 6538321      | 0.945673      | 0.00038031     | 0.00039108    
511             | Bi2O3_10Wt             | 6              | 6913935      | 6357695      | 0.919548      | 0.00038031     | 0.00039660    
511             | Bi2O3_10Wt             | 8              | 6913935      | 6183018      | 0.894284      | 0.00038031     | 0.00040216    
511             | Bi2O3_10Wt             | 10             | 6913935      | 6012263      | 0.869586      | 0.00038031     | 0.00040783    
511             | Bi2O3_15Wt             | 2              | 6913935      | 6708055      | 0.970222      | 0.00038031     | 0.00038610    
511             | Bi2O3_15Wt             | 4              | 6913935      | 6508324      | 0.941334      | 0.00038031     | 0.00039198    
511             | Bi2O3_15Wt             | 6              | 6913935      | 6314395      | 0.913285      | 0.00038031     | 0.00039796    
511             | Bi2O3_15Wt             | 8              | 6913935      | 6127063      | 0.886190      | 0.00038031     | 0.00040399    
511             | Bi2O3_15Wt             | 10             | 6913935      | 5944834      | 0.859834      | 0.00038031     | 0.00041014    
511             | Bi2O3_20Wt             | 2              | 6913935      | 6691288      | 0.967797      | 0.00038031     | 0.00038659    
511             | Bi2O3_20Wt             | 4              | 6913935      | 6475800      | 0.936630      | 0.00038031     | 0.00039296    
511             | Bi2O3_20Wt             | 6              | 6913935      | 6267569      | 0.906513      | 0.00038031     | 0.00039944    
511             | Bi2O3_20Wt             | 8              | 6913935      | 6066165      | 0.877382      | 0.00038031     | 0.00040602    
511             | Bi2O3_20Wt             | 10             | 6913935      | 5871014      | 0.849157      | 0.00038031     | 0.00041271    
511             | Bi2O3_25Wt             | 2              | 6913935      | 6672662      | 0.965103      | 0.00038031     | 0.00038712    
511             | Bi2O3_25Wt             | 4              | 6913935      | 6439842      | 0.931429      | 0.00038031     | 0.00039406    
511             | Bi2O3_25Wt             | 6              | 6913935      | 6216002      | 0.899054      | 0.00038031     | 0.00040109    
511             | Bi2O3_25Wt             | 8              | 6913935      | 5999680      | 0.867766      | 0.00038031     | 0.00040826    
511             | Bi2O3_25Wt             | 10             | 6913935      | 5790663      | 0.837535      | 0.00038031     | 0.00041556    
511             | Bi2O3_30Wt             | 2              | 6913935      | 6652007      | 0.962116      | 0.00038031     | 0.00038772    
511             | Bi2O3_30Wt             | 4              | 6913935      | 6400528      | 0.925743      | 0.00038031     | 0.00039527    
511             | Bi2O3_30Wt             | 6              | 6913935      | 6159225      | 0.890842      | 0.00038031     | 0.00040294    
511             | Bi2O3_30Wt             | 8              | 6913935      | 5926366      | 0.857163      | 0.00038031     | 0.00041078    
511             | Bi2O3_30Wt             | 10             | 6913935      | 5702243      | 0.824746      | 0.00038031     | 0.00041877    
662             | PPS_0Wt                | 2              | 5828808      | 5704576      | 0.978687      | 0.00041420     | 0.00041869    
662             | PPS_0Wt                | 4              | 5828808      | 5584358      | 0.958062      | 0.00041420     | 0.00042317    
662             | PPS_0Wt                | 6              | 5828808      | 5466830      | 0.937898      | 0.00041420     | 0.00042769    
662             | PPS_0Wt                | 8              | 5828808      | 5351415      | 0.918098      | 0.00041420     | 0.00043228    
662             | PPS_0Wt                | 10             | 5828808      | 5238973      | 0.898807      | 0.00041420     | 0.00043689    
662             | G4_Pb                  | 2              | 5828808      | 4587335      | 0.787011      | 0.00041420     | 0.00046690    
662             | G4_Pb                  | 4              | 5828808      | 3607973      | 0.618990      | 0.00041420     | 0.00052646    
662             | G4_Pb                  | 6              | 5828808      | 2839099      | 0.487081      | 0.00041420     | 0.00059348    
662             | G4_Pb                  | 8              | 5828808      | 2234045      | 0.383276      | 0.00041420     | 0.00066904    
662             | G4_Pb                  | 10             | 5828808      | 1757817      | 0.301574      | 0.00041420     | 0.00075425    
662             | G4_W                   | 2              | 5828808      | 4054662      | 0.695625      | 0.00041420     | 0.00049662    
662             | G4_W                   | 4              | 5828808      | 2822534      | 0.484239      | 0.00041420     | 0.00059522    
662             | G4_W                   | 6              | 5828808      | 1963144      | 0.336800      | 0.00041420     | 0.00071371    
662             | G4_W                   | 8              | 5828808      | 1367171      | 0.234554      | 0.00041420     | 0.00085524    
662             | G4_W                   | 10             | 5828808      | 951088       | 0.163170      | 0.00041420     | 0.00102539    
662             | Ti3C2O2_5Wt            | 2              | 5828808      | 5700322      | 0.977957      | 0.00041420     | 0.00041884    
662             | Ti3C2O2_5Wt            | 4              | 5828808      | 5576275      | 0.956675      | 0.00041420     | 0.00042348    
662             | Ti3C2O2_5Wt            | 6              | 5828808      | 5454738      | 0.935824      | 0.00041420     | 0.00042817    
662             | Ti3C2O2_5Wt            | 8              | 5828808      | 5335922      | 0.915440      | 0.00041420     | 0.00043291    
662             | Ti3C2O2_5Wt            | 10             | 5828808      | 5219533      | 0.895472      | 0.00041420     | 0.00043771    
662             | Ti3C2O2_10Wt           | 2              | 5828808      | 5695801      | 0.977181      | 0.00041420     | 0.00041901    
662             | Ti3C2O2_10Wt           | 4              | 5828808      | 5567070      | 0.955096      | 0.00041420     | 0.00042383    
662             | Ti3C2O2_10Wt           | 6              | 5828808      | 5441615      | 0.933573      | 0.00041420     | 0.00042868    
662             | Ti3C2O2_10Wt           | 8              | 5828808      | 5319128      | 0.912558      | 0.00041420     | 0.00043359    
662             | Ti3C2O2_10Wt           | 10             | 5828808      | 5198723      | 0.891902      | 0.00041420     | 0.00043858    
662             | Ti3C2O2_15Wt           | 2              | 5828808      | 5690846      | 0.976331      | 0.00041420     | 0.00041919    
662             | Ti3C2O2_15Wt           | 4              | 5828808      | 5557518      | 0.953457      | 0.00041420     | 0.00042419    
662             | Ti3C2O2_15Wt           | 6              | 5828808      | 5427537      | 0.931157      | 0.00041420     | 0.00042924    
662             | Ti3C2O2_15Wt           | 8              | 5828808      | 5300767      | 0.909408      | 0.00041420     | 0.00043434    
662             | Ti3C2O2_15Wt           | 10             | 5828808      | 5176283      | 0.888052      | 0.00041420     | 0.00043953    
662             | Ti3C2O2_20Wt           | 2              | 5828808      | 5685457      | 0.975406      | 0.00041420     | 0.00041939    
662             | Ti3C2O2_20Wt           | 4              | 5828808      | 5547144      | 0.951677      | 0.00041420     | 0.00042459    
662             | Ti3C2O2_20Wt           | 6              | 5828808      | 5412071      | 0.928504      | 0.00041420     | 0.00042985    
662             | Ti3C2O2_20Wt           | 8              | 5828808      | 5280500      | 0.905931      | 0.00041420     | 0.00043517    
662             | Ti3C2O2_20Wt           | 10             | 5828808      | 5151583      | 0.883814      | 0.00041420     | 0.00044058    
662             | Ti3C2O2_25Wt           | 2              | 5828808      | 5679645      | 0.974409      | 0.00041420     | 0.00041960    
662             | Ti3C2O2_25Wt           | 4              | 5828808      | 5535787      | 0.949729      | 0.00041420     | 0.00042502    
662             | Ti3C2O2_25Wt           | 6              | 5828808      | 5395369      | 0.925638      | 0.00041420     | 0.00043052    
662             | Ti3C2O2_25Wt           | 8              | 5828808      | 5259124      | 0.902264      | 0.00041420     | 0.00043606    
662             | Ti3C2O2_25Wt           | 10             | 5828808      | 5124950      | 0.879245      | 0.00041420     | 0.00044173    
662             | Ti3C2O2_30Wt           | 2              | 5828808      | 5673306      | 0.973322      | 0.00041420     | 0.00041984    
662             | Ti3C2O2_30Wt           | 4              | 5828808      | 5523462      | 0.947614      | 0.00041420     | 0.00042549    
662             | Ti3C2O2_30Wt           | 6              | 5828808      | 5377472      | 0.922568      | 0.00041420     | 0.00043123    
662             | Ti3C2O2_30Wt           | 8              | 5828808      | 5235405      | 0.898195      | 0.00041420     | 0.00043704    
662             | Ti3C2O2_30Wt           | 10             | 5828808      | 5096174      | 0.874308      | 0.00041420     | 0.00044297    
662             | Pb_5Wt                 | 2              | 5828808      | 5698575      | 0.977657      | 0.00041420     | 0.00041891    
662             | Pb_5Wt                 | 4              | 5828808      | 5570723      | 0.955723      | 0.00041420     | 0.00042369    
662             | Pb_5Wt                 | 6              | 5828808      | 5446006      | 0.934326      | 0.00041420     | 0.00042851    
662             | Pb_5Wt                 | 8              | 5828808      | 5324287      | 0.913444      | 0.00041420     | 0.00043338    
662             | Pb_5Wt                 | 10             | 5828808      | 5205135      | 0.893002      | 0.00041420     | 0.00043831    
662             | Pb_10Wt                | 2              | 5828808      | 5690233      | 0.976226      | 0.00041420     | 0.00041921    
662             | Pb_10Wt                | 4              | 5828808      | 5554253      | 0.952897      | 0.00041420     | 0.00042431    
662             | Pb_10Wt                | 6              | 5828808      | 5421822      | 0.930177      | 0.00041420     | 0.00042946    
662             | Pb_10Wt                | 8              | 5828808      | 5292854      | 0.908051      | 0.00041420     | 0.00043467    
662             | Pb_10Wt                | 10             | 5828808      | 5166171      | 0.886317      | 0.00041420     | 0.00043996    
662             | Pb_15Wt                | 2              | 5828808      | 5680862      | 0.974618      | 0.00041420     | 0.00041956    
662             | Pb_15Wt                | 4              | 5828808      | 5536234      | 0.949806      | 0.00041420     | 0.00042500    
662             | Pb_15Wt                | 6              | 5828808      | 5395321      | 0.925630      | 0.00041420     | 0.00043052    
662             | Pb_15Wt                | 8              | 5828808      | 5257993      | 0.902070      | 0.00041420     | 0.00043610    
662             | Pb_15Wt                | 10             | 5828808      | 5123752      | 0.879039      | 0.00041420     | 0.00044178    
662             | Pb_20Wt                | 2              | 5828808      | 5670904      | 0.972910      | 0.00041420     | 0.00041993    
662             | Pb_20Wt                | 4              | 5828808      | 5515786      | 0.946297      | 0.00041420     | 0.00042579    
662             | Pb_20Wt                | 6              | 5828808      | 5365804      | 0.920566      | 0.00041420     | 0.00043170    
662             | Pb_20Wt                | 8              | 5828808      | 5219840      | 0.895524      | 0.00041420     | 0.00043769    
662             | Pb_20Wt                | 10             | 5828808      | 5077261      | 0.871063      | 0.00041420     | 0.00044380    
662             | Pb_25Wt                | 2              | 5828808      | 5659237      | 0.970908      | 0.00041420     | 0.00042036    
662             | Pb_25Wt                | 4              | 5828808      | 5493458      | 0.942467      | 0.00041420     | 0.00042666    
662             | Pb_25Wt                | 6              | 5828808      | 5332887      | 0.914919      | 0.00041420     | 0.00043303    
662             | Pb_25Wt                | 8              | 5828808      | 5177484      | 0.888258      | 0.00041420     | 0.00043948    
662             | Pb_25Wt                | 10             | 5828808      | 5025584      | 0.862198      | 0.00041420     | 0.00044607    
662             | Pb_30Wt                | 2              | 5828808      | 5646541      | 0.968730      | 0.00041420     | 0.00042083    
662             | Pb_30Wt                | 4              | 5828808      | 5468318      | 0.938154      | 0.00041420     | 0.00042763    
662             | Pb_30Wt                | 6              | 5828808      | 5296639      | 0.908700      | 0.00041420     | 0.00043451    
662             | Pb_30Wt                | 8              | 5828808      | 5130497      | 0.880197      | 0.00041420     | 0.00044149    
662             | Pb_30Wt                | 10             | 5828808      | 4969189      | 0.852522      | 0.00041420     | 0.00044860    
662             | W_5Wt                  | 2              | 5828808      | 5697585      | 0.977487      | 0.00041420     | 0.00041894    
662             | W_5Wt                  | 4              | 5828808      | 5570553      | 0.955693      | 0.00041420     | 0.00042369    
662             | W_5Wt                  | 6              | 5828808      | 5446309      | 0.934378      | 0.00041420     | 0.00042850    
662             | W_5Wt                  | 8              | 5828808      | 5325162      | 0.913594      | 0.00041420     | 0.00043334    
662             | W_5Wt                  | 10             | 5828808      | 5206292      | 0.893200      | 0.00041420     | 0.00043826    
662             | W_10Wt                 | 2              | 5828808      | 5689531      | 0.976105      | 0.00041420     | 0.00041924    
662             | W_10Wt                 | 4              | 5828808      | 5555052      | 0.953034      | 0.00041420     | 0.00042428    
662             | W_10Wt                 | 6              | 5828808      | 5423880      | 0.930530      | 0.00041420     | 0.00042938    
662             | W_10Wt                 | 8              | 5828808      | 5295968      | 0.908585      | 0.00041420     | 0.00043454    
662             | W_10Wt                 | 10             | 5828808      | 5170716      | 0.887097      | 0.00041420     | 0.00043977    
662             | W_15Wt                 | 2              | 5828808      | 5681069      | 0.974654      | 0.00041420     | 0.00041955    
662             | W_15Wt                 | 4              | 5828808      | 5538203      | 0.950143      | 0.00041420     | 0.00042493    
662             | W_15Wt                 | 6              | 5828808      | 5399270      | 0.926308      | 0.00041420     | 0.00043036    
662             | W_15Wt                 | 8              | 5828808      | 5263538      | 0.903021      | 0.00041420     | 0.00043587    
662             | W_15Wt                 | 10             | 5828808      | 5131033      | 0.880289      | 0.00041420     | 0.00044147    
662             | W_20Wt                 | 2              | 5828808      | 5671463      | 0.973006      | 0.00041420     | 0.00041991    
662             | W_20Wt                 | 4              | 5828808      | 5519876      | 0.946999      | 0.00041420     | 0.00042563    
662             | W_20Wt                 | 6              | 5828808      | 5371606      | 0.921562      | 0.00041420     | 0.00043147    
662             | W_20Wt                 | 8              | 5828808      | 5227716      | 0.896876      | 0.00041420     | 0.00043736    
662             | W_20Wt                 | 10             | 5828808      | 5086662      | 0.872676      | 0.00041420     | 0.00044339    
662             | W_25Wt                 | 2              | 5828808      | 5660336      | 0.971097      | 0.00041420     | 0.00042032    
662             | W_25Wt                 | 4              | 5828808      | 5498640      | 0.943356      | 0.00041420     | 0.00042645    
662             | W_25Wt                 | 6              | 5828808      | 5340496      | 0.916224      | 0.00041420     | 0.00043272    
662             | W_25Wt                 | 8              | 5828808      | 5187600      | 0.889993      | 0.00041420     | 0.00043905    
662             | W_25Wt                 | 10             | 5828808      | 5037964      | 0.864321      | 0.00041420     | 0.00044553    
662             | W_30Wt                 | 2              | 5828808      | 5648094      | 0.968996      | 0.00041420     | 0.00042077    
662             | W_30Wt                 | 4              | 5828808      | 5474825      | 0.939270      | 0.00041420     | 0.00042738    
662             | W_30Wt                 | 6              | 5828808      | 5306205      | 0.910341      | 0.00041420     | 0.00043412    
662             | W_30Wt                 | 8              | 5828808      | 5142785      | 0.882305      | 0.00041420     | 0.00044096    
662             | W_30Wt                 | 10             | 5828808      | 4983726      | 0.855016      | 0.00041420     | 0.00044794    
662             | BaSO4_5Wt              | 2              | 5828808      | 5700398      | 0.977970      | 0.00041420     | 0.00041884    
662             | BaSO4_5Wt              | 4              | 5828808      | 5576576      | 0.956727      | 0.00041420     | 0.00042346    
662             | BaSO4_5Wt              | 6              | 5828808      | 5455001      | 0.935869      | 0.00041420     | 0.00042816    
662             | BaSO4_5Wt              | 8              | 5828808      | 5336223      | 0.915491      | 0.00041420     | 0.00043290    
662             | BaSO4_5Wt              | 10             | 5828808      | 5220185      | 0.895584      | 0.00041420     | 0.00043768    
662             | BaSO4_10Wt             | 2              | 5828808      | 5696242      | 0.977257      | 0.00041420     | 0.00041899    
662             | BaSO4_10Wt             | 4              | 5828808      | 5567626      | 0.955191      | 0.00041420     | 0.00042380    
662             | BaSO4_10Wt             | 6              | 5828808      | 5442282      | 0.933687      | 0.00041420     | 0.00042866    
662             | BaSO4_10Wt             | 8              | 5828808      | 5319722      | 0.912660      | 0.00041420     | 0.00043357    
662             | BaSO4_10Wt             | 10             | 5828808      | 5199851      | 0.892095      | 0.00041420     | 0.00043854    
662             | BaSO4_15Wt             | 2              | 5828808      | 5691379      | 0.976422      | 0.00041420     | 0.00041917    
662             | BaSO4_15Wt             | 4              | 5828808      | 5558321      | 0.953595      | 0.00041420     | 0.00042416    
662             | BaSO4_15Wt             | 6              | 5828808      | 5428587      | 0.931337      | 0.00041420     | 0.00042920    
662             | BaSO4_15Wt             | 8              | 5828808      | 5302223      | 0.909658      | 0.00041420     | 0.00043428    
662             | BaSO4_15Wt             | 10             | 5828808      | 5177973      | 0.888342      | 0.00041420     | 0.00043946    
662             | BaSO4_20Wt             | 2              | 5828808      | 5686016      | 0.975502      | 0.00041420     | 0.00041937    
662             | BaSO4_20Wt             | 4              | 5828808      | 5548268      | 0.951870      | 0.00041420     | 0.00042454    
662             | BaSO4_20Wt             | 6              | 5828808      | 5413980      | 0.928831      | 0.00041420     | 0.00042978    
662             | BaSO4_20Wt             | 8              | 5828808      | 5282773      | 0.906321      | 0.00041420     | 0.00043508    
662             | BaSO4_20Wt             | 10             | 5828808      | 5154688      | 0.884347      | 0.00041420     | 0.00044045    
662             | BaSO4_25Wt             | 2              | 5828808      | 5680690      | 0.974589      | 0.00041420     | 0.00041957    
662             | BaSO4_25Wt             | 4              | 5828808      | 5537526      | 0.950027      | 0.00041420     | 0.00042495    
662             | BaSO4_25Wt             | 6              | 5828808      | 5397978      | 0.926086      | 0.00041420     | 0.00043041    
662             | BaSO4_25Wt             | 8              | 5828808      | 5261911      | 0.902742      | 0.00041420     | 0.00043594    
662             | BaSO4_25Wt             | 10             | 5828808      | 5128626      | 0.879876      | 0.00041420     | 0.00044157    
662             | BaSO4_30Wt             | 2              | 5828808      | 5674409      | 0.973511      | 0.00041420     | 0.00041980    
662             | BaSO4_30Wt             | 4              | 5828808      | 5525829      | 0.948020      | 0.00041420     | 0.00042540    
662             | BaSO4_30Wt             | 6              | 5828808      | 5380469      | 0.923082      | 0.00041420     | 0.00043111    
662             | BaSO4_30Wt             | 8              | 5828808      | 5239568      | 0.898909      | 0.00041420     | 0.00043687    
662             | BaSO4_30Wt             | 10             | 5828808      | 5101338      | 0.875194      | 0.00041420     | 0.00044275    
662             | Bi2O3_5Wt              | 2              | 5828808      | 5698891      | 0.977711      | 0.00041420     | 0.00041889    
662             | Bi2O3_5Wt              | 4              | 5828808      | 5571396      | 0.955838      | 0.00041420     | 0.00042366    
662             | Bi2O3_5Wt              | 6              | 5828808      | 5446812      | 0.934464      | 0.00041420     | 0.00042848    
662             | Bi2O3_5Wt              | 8              | 5828808      | 5325312      | 0.913619      | 0.00041420     | 0.00043334    
662             | Bi2O3_5Wt              | 10             | 5828808      | 5206458      | 0.893229      | 0.00041420     | 0.00043826    
662             | Bi2O3_10Wt             | 2              | 5828808      | 5690941      | 0.976347      | 0.00041420     | 0.00041919    
662             | Bi2O3_10Wt             | 4              | 5828808      | 5555394      | 0.953093      | 0.00041420     | 0.00042427    
662             | Bi2O3_10Wt             | 6              | 5828808      | 5423661      | 0.930492      | 0.00041420     | 0.00042939    
662             | Bi2O3_10Wt             | 8              | 5828808      | 5295242      | 0.908461      | 0.00041420     | 0.00043457    
662             | Bi2O3_10Wt             | 10             | 5828808      | 5169030      | 0.886807      | 0.00041420     | 0.00043984    
662             | Bi2O3_15Wt             | 2              | 5828808      | 5682043      | 0.974821      | 0.00041420     | 0.00041952    
662             | Bi2O3_15Wt             | 4              | 5828808      | 5538297      | 0.950159      | 0.00041420     | 0.00042492    
662             | Bi2O3_15Wt             | 6              | 5828808      | 5398229      | 0.926129      | 0.00041420     | 0.00043040    
662             | Bi2O3_15Wt             | 8              | 5828808      | 5262164      | 0.902786      | 0.00041420     | 0.00043593    
662             | Bi2O3_15Wt             | 10             | 5828808      | 5128404      | 0.879838      | 0.00041420     | 0.00044158    
662             | Bi2O3_20Wt             | 2              | 5828808      | 5672424      | 0.973171      | 0.00041420     | 0.00041987    
662             | Bi2O3_20Wt             | 4              | 5828808      | 5519124      | 0.946870      | 0.00041420     | 0.00042566    
662             | Bi2O3_20Wt             | 6              | 5828808      | 5370458      | 0.921365      | 0.00041420     | 0.00043151    
662             | Bi2O3_20Wt             | 8              | 5828808      | 5225536      | 0.896502      | 0.00041420     | 0.00043746    
662             | Bi2O3_20Wt             | 10             | 5828808      | 5084531      | 0.872311      | 0.00041420     | 0.00044348    
662             | Bi2O3_25Wt             | 2              | 5828808      | 5661459      | 0.971289      | 0.00041420     | 0.00042028    
662             | Bi2O3_25Wt             | 4              | 5828808      | 5497734      | 0.943200      | 0.00041420     | 0.00042649    
662             | Bi2O3_25Wt             | 6              | 5828808      | 5339205      | 0.916003      | 0.00041420     | 0.00043277    
662             | Bi2O3_25Wt             | 8              | 5828808      | 5185694      | 0.889666      | 0.00041420     | 0.00043913    
662             | Bi2O3_25Wt             | 10             | 5828808      | 5035498      | 0.863898      | 0.00041420     | 0.00044563    
662             | Bi2O3_30Wt             | 2              | 5828808      | 5649438      | 0.969227      | 0.00041420     | 0.00042072    
662             | Bi2O3_30Wt             | 4              | 5828808      | 5474333      | 0.939186      | 0.00041420     | 0.00042740    
662             | Bi2O3_30Wt             | 6              | 5828808      | 5305324      | 0.910190      | 0.00041420     | 0.00043415    
662             | Bi2O3_30Wt             | 8              | 5828808      | 5141510      | 0.882086      | 0.00041420     | 0.00044102    
662             | Bi2O3_30Wt             | 10             | 5828808      | 4982338      | 0.854778      | 0.00041420     | 0.00044801    
1173            | PPS_0Wt                | 2              | 3835531      | 3773065      | 0.983714      | 0.00051061     | 0.00051482    
1173            | PPS_0Wt                | 4              | 3835531      | 3712280      | 0.967866      | 0.00051061     | 0.00051901    
1173            | PPS_0Wt                | 6              | 3835531      | 3653126      | 0.952443      | 0.00051061     | 0.00052320    
1173            | PPS_0Wt                | 8              | 3835531      | 3595404      | 0.937394      | 0.00051061     | 0.00052738    
1173            | PPS_0Wt                | 10             | 3835531      | 3538223      | 0.922486      | 0.00051061     | 0.00053163    
1173            | G4_Pb                  | 2              | 3835531      | 3353139      | 0.874231      | 0.00051061     | 0.00054610    
1173            | G4_Pb                  | 4              | 3835531      | 2930982      | 0.764166      | 0.00051061     | 0.00058411    
1173            | G4_Pb                  | 6              | 3835531      | 2562641      | 0.668132      | 0.00051061     | 0.00062468    
1173            | G4_Pb                  | 8              | 3835531      | 2240305      | 0.584093      | 0.00051061     | 0.00066811    
1173            | G4_Pb                  | 10             | 3835531      | 1958672      | 0.510665      | 0.00051061     | 0.00071453    
1173            | G4_W                   | 2              | 3835531      | 3087500      | 0.804973      | 0.00051061     | 0.00056911    
1173            | G4_W                   | 4              | 3835531      | 2486813      | 0.648362      | 0.00051061     | 0.00063413    
1173            | G4_W                   | 6              | 3835531      | 2003364      | 0.522317      | 0.00051061     | 0.00070651    
1173            | G4_W                   | 8              | 3835531      | 1613221      | 0.420599      | 0.00051061     | 0.00078732    
1173            | G4_W                   | 10             | 3835531      | 1298096      | 0.338440      | 0.00051061     | 0.00087770    
1173            | Ti3C2O2_5Wt            | 2              | 3835531      | 3771453      | 0.983294      | 0.00051061     | 0.00051493    
1173            | Ti3C2O2_5Wt            | 4              | 3835531      | 3709194      | 0.967061      | 0.00051061     | 0.00051923    
1173            | Ti3C2O2_5Wt            | 6              | 3835531      | 3648072      | 0.951126      | 0.00051061     | 0.00052356    
1173            | Ti3C2O2_5Wt            | 8              | 3835531      | 3587981      | 0.935459      | 0.00051061     | 0.00052793    
1173            | Ti3C2O2_5Wt            | 10             | 3835531      | 3529525      | 0.920218      | 0.00051061     | 0.00053228    
1173            | Ti3C2O2_10Wt           | 2              | 3835531      | 3769140      | 0.982691      | 0.00051061     | 0.00051508    
1173            | Ti3C2O2_10Wt           | 4              | 3835531      | 3704701      | 0.965890      | 0.00051061     | 0.00051955    
1173            | Ti3C2O2_10Wt           | 6              | 3835531      | 3641570      | 0.949430      | 0.00051061     | 0.00052403    
1173            | Ti3C2O2_10Wt           | 8              | 3835531      | 3579308      | 0.933198      | 0.00051061     | 0.00052857    
1173            | Ti3C2O2_10Wt           | 10             | 3835531      | 3518903      | 0.917449      | 0.00051061     | 0.00053308    
1173            | Ti3C2O2_15Wt           | 2              | 3835531      | 3766690      | 0.982052      | 0.00051061     | 0.00051525    
1173            | Ti3C2O2_15Wt           | 4              | 3835531      | 3699733      | 0.964595      | 0.00051061     | 0.00051989    
1173            | Ti3C2O2_15Wt           | 6              | 3835531      | 3634457      | 0.947576      | 0.00051061     | 0.00052454    
1173            | Ti3C2O2_15Wt           | 8              | 3835531      | 3570225      | 0.930829      | 0.00051061     | 0.00052924    
1173            | Ti3C2O2_15Wt           | 10             | 3835531      | 3507533      | 0.914484      | 0.00051061     | 0.00053395    
1173            | Ti3C2O2_20Wt           | 2              | 3835531      | 3764004      | 0.981351      | 0.00051061     | 0.00051544    
1173            | Ti3C2O2_20Wt           | 4              | 3835531      | 3694516      | 0.963235      | 0.00051061     | 0.00052026    
1173            | Ti3C2O2_20Wt           | 6              | 3835531      | 3626923      | 0.945612      | 0.00051061     | 0.00052509    
1173            | Ti3C2O2_20Wt           | 8              | 3835531      | 3560418      | 0.928273      | 0.00051061     | 0.00052997    
1173            | Ti3C2O2_20Wt           | 10             | 3835531      | 3495034      | 0.911226      | 0.00051061     | 0.00053490    
1173            | Ti3C2O2_25Wt           | 2              | 3835531      | 3761159      | 0.980610      | 0.00051061     | 0.00051563    
1173            | Ti3C2O2_25Wt           | 4              | 3835531      | 3688955      | 0.961785      | 0.00051061     | 0.00052065    
1173            | Ti3C2O2_25Wt           | 6              | 3835531      | 3618588      | 0.943439      | 0.00051061     | 0.00052569    
1173            | Ti3C2O2_25Wt           | 8              | 3835531      | 3549653      | 0.925466      | 0.00051061     | 0.00053077    
1173            | Ti3C2O2_25Wt           | 10             | 3835531      | 3481620      | 0.907728      | 0.00051061     | 0.00053593    
1173            | Ti3C2O2_30Wt           | 2              | 3835531      | 3757855      | 0.979748      | 0.00051061     | 0.00051586    
1173            | Ti3C2O2_30Wt           | 4              | 3835531      | 3682879      | 0.960201      | 0.00051061     | 0.00052108    
1173            | Ti3C2O2_30Wt           | 6              | 3835531      | 3609119      | 0.940970      | 0.00051061     | 0.00052638    
1173            | Ti3C2O2_30Wt           | 8              | 3835531      | 3537604      | 0.922324      | 0.00051061     | 0.00053167    
1173            | Ti3C2O2_30Wt           | 10             | 3835531      | 3466756      | 0.903853      | 0.00051061     | 0.00053708    
1173            | Pb_5Wt                 | 2              | 3835531      | 3770769      | 0.983115      | 0.00051061     | 0.00051497    
1173            | Pb_5Wt                 | 4              | 3835531      | 3707923      | 0.966730      | 0.00051061     | 0.00051932    
1173            | Pb_5Wt                 | 6              | 3835531      | 3646279      | 0.950658      | 0.00051061     | 0.00052369    
1173            | Pb_5Wt                 | 8              | 3835531      | 3585628      | 0.934845      | 0.00051061     | 0.00052810    
1173            | Pb_5Wt                 | 10             | 3835531      | 3526706      | 0.919483      | 0.00051061     | 0.00053249    
1173            | Pb_10Wt                | 2              | 3835531      | 3767742      | 0.982326      | 0.00051061     | 0.00051518    
1173            | Pb_10Wt                | 4              | 3835531      | 3701980      | 0.965181      | 0.00051061     | 0.00051974    
1173            | Pb_10Wt                | 6              | 3835531      | 3637473      | 0.948362      | 0.00051061     | 0.00052432    
1173            | Pb_10Wt                | 8              | 3835531      | 3574080      | 0.931834      | 0.00051061     | 0.00052895    
1173            | Pb_10Wt                | 10             | 3835531      | 3512448      | 0.915766      | 0.00051061     | 0.00053357    
1173            | Pb_15Wt                | 2              | 3835531      | 3764398      | 0.981454      | 0.00051061     | 0.00051541    
1173            | Pb_15Wt                | 4              | 3835531      | 3695277      | 0.963433      | 0.00051061     | 0.00052021    
1173            | Pb_15Wt                | 6              | 3835531      | 3627845      | 0.945852      | 0.00051061     | 0.00052502    
1173            | Pb_15Wt                | 8              | 3835531      | 3561379      | 0.928523      | 0.00051061     | 0.00052990    
1173            | Pb_15Wt                | 10             | 3835531      | 3496634      | 0.911643      | 0.00051061     | 0.00053478    
1173            | Pb_20Wt                | 2              | 3835531      | 3760851      | 0.980529      | 0.00051061     | 0.00051565    
1173            | Pb_20Wt                | 4              | 3835531      | 3688281      | 0.961609      | 0.00051061     | 0.00052070    
1173            | Pb_20Wt                | 6              | 3835531      | 3617364      | 0.943119      | 0.00051061     | 0.00052578    
1173            | Pb_20Wt                | 8              | 3835531      | 3547741      | 0.924967      | 0.00051061     | 0.00053091    
1173            | Pb_20Wt                | 10             | 3835531      | 3479506      | 0.907177      | 0.00051061     | 0.00053609    
1173            | Pb_25Wt                | 2              | 3835531      | 3756574      | 0.979414      | 0.00051061     | 0.00051595    
1173            | Pb_25Wt                | 4              | 3835531      | 3680107      | 0.959478      | 0.00051061     | 0.00052128    
1173            | Pb_25Wt                | 6              | 3835531      | 3605427      | 0.940007      | 0.00051061     | 0.00052665    
1173            | Pb_25Wt                | 8              | 3835531      | 3532519      | 0.920999      | 0.00051061     | 0.00053206    
1173            | Pb_25Wt                | 10             | 3835531      | 3460728      | 0.902281      | 0.00051061     | 0.00053755    
1173            | Pb_30Wt                | 2              | 3835531      | 3752035      | 0.978231      | 0.00051061     | 0.00051626    
1173            | Pb_30Wt                | 4              | 3835531      | 3671090      | 0.957127      | 0.00051061     | 0.00052192    
1173            | Pb_30Wt                | 6              | 3835531      | 3592164      | 0.936549      | 0.00051061     | 0.00052762    
1173            | Pb_30Wt                | 8              | 3835531      | 3515088      | 0.916454      | 0.00051061     | 0.00053337    
1173            | Pb_30Wt                | 10             | 3835531      | 3439685      | 0.896795      | 0.00051061     | 0.00053919    
1173            | W_5Wt                  | 2              | 3835531      | 3770355      | 0.983007      | 0.00051061     | 0.00051500    
1173            | W_5Wt                  | 4              | 3835531      | 3706691      | 0.966409      | 0.00051061     | 0.00051941    
1173            | W_5Wt                  | 6              | 3835531      | 3645025      | 0.950331      | 0.00051061     | 0.00052378    
1173            | W_5Wt                  | 8              | 3835531      | 3584902      | 0.934656      | 0.00051061     | 0.00052815    
1173            | W_5Wt                  | 10             | 3835531      | 3525344      | 0.919128      | 0.00051061     | 0.00053260    
1173            | W_10Wt                 | 2              | 3835531      | 3767294      | 0.982209      | 0.00051061     | 0.00051521    
1173            | W_10Wt                 | 4              | 3835531      | 3700735      | 0.964856      | 0.00051061     | 0.00051982    
1173            | W_10Wt                 | 6              | 3835531      | 3636323      | 0.948062      | 0.00051061     | 0.00052441    
1173            | W_10Wt                 | 8              | 3835531      | 3573295      | 0.931630      | 0.00051061     | 0.00052901    
1173            | W_10Wt                 | 10             | 3835531      | 3510891      | 0.915360      | 0.00051061     | 0.00053369    
1173            | W_15Wt                 | 2              | 3835531      | 3763777      | 0.981292      | 0.00051061     | 0.00051545    
1173            | W_15Wt                 | 4              | 3835531      | 3693997      | 0.963099      | 0.00051061     | 0.00052030    
1173            | W_15Wt                 | 6              | 3835531      | 3626800      | 0.945580      | 0.00051061     | 0.00052510    
1173            | W_15Wt                 | 8              | 3835531      | 3560512      | 0.928297      | 0.00051061     | 0.00052996    
1173            | W_15Wt                 | 10             | 3835531      | 3495608      | 0.911375      | 0.00051061     | 0.00053486    
1173            | W_20Wt                 | 2              | 3835531      | 3759971      | 0.980300      | 0.00051061     | 0.00051571    
1173            | W_20Wt                 | 4              | 3835531      | 3687077      | 0.961295      | 0.00051061     | 0.00052079    
1173            | W_20Wt                 | 6              | 3835531      | 3616188      | 0.942813      | 0.00051061     | 0.00052587    
1173            | W_20Wt                 | 8              | 3835531      | 3546563      | 0.924660      | 0.00051061     | 0.00053100    
1173            | W_20Wt                 | 10             | 3835531      | 3477290      | 0.906599      | 0.00051061     | 0.00053627    
1173            | W_25Wt                 | 2              | 3835531      | 3755613      | 0.979164      | 0.00051061     | 0.00051601    
1173            | W_25Wt                 | 4              | 3835531      | 3678603      | 0.959086      | 0.00051061     | 0.00052139    
1173            | W_25Wt                 | 6              | 3835531      | 3603990      | 0.939633      | 0.00051061     | 0.00052675    
1173            | W_25Wt                 | 8              | 3835531      | 3530202      | 0.920395      | 0.00051061     | 0.00053223    
1173            | W_25Wt                 | 10             | 3835531      | 3457950      | 0.901557      | 0.00051061     | 0.00053776    
1173            | W_30Wt                 | 2              | 3835531      | 3750992      | 0.977959      | 0.00051061     | 0.00051633    
1173            | W_30Wt                 | 4              | 3835531      | 3669453      | 0.956700      | 0.00051061     | 0.00052203    
1173            | W_30Wt                 | 6              | 3835531      | 3589986      | 0.935981      | 0.00051061     | 0.00052778    
1173            | W_30Wt                 | 8              | 3835531      | 3512634      | 0.915814      | 0.00051061     | 0.00053356    
1173            | W_30Wt                 | 10             | 3835531      | 3435722      | 0.895762      | 0.00051061     | 0.00053950    
1173            | BaSO4_5Wt              | 2              | 3835531      | 3771160      | 0.983217      | 0.00051061     | 0.00051495    
1173            | BaSO4_5Wt              | 4              | 3835531      | 3708500      | 0.966880      | 0.00051061     | 0.00051928    
1173            | BaSO4_5Wt              | 6              | 3835531      | 3647688      | 0.951026      | 0.00051061     | 0.00052359    
1173            | BaSO4_5Wt              | 8              | 3835531      | 3588215      | 0.935520      | 0.00051061     | 0.00052791    
1173            | BaSO4_5Wt              | 10             | 3835531      | 3529351      | 0.920173      | 0.00051061     | 0.00053230    
1173            | BaSO4_10Wt             | 2              | 3835531      | 3769355      | 0.982747      | 0.00051061     | 0.00051507    
1173            | BaSO4_10Wt             | 4              | 3835531      | 3704494      | 0.965836      | 0.00051061     | 0.00051956    
1173            | BaSO4_10Wt             | 6              | 3835531      | 3641868      | 0.949508      | 0.00051061     | 0.00052401    
1173            | BaSO4_10Wt             | 8              | 3835531      | 3580662      | 0.933551      | 0.00051061     | 0.00052847    
1173            | BaSO4_10Wt             | 10             | 3835531      | 3520105      | 0.917762      | 0.00051061     | 0.00053299    
1173            | BaSO4_15Wt             | 2              | 3835531      | 3767067      | 0.982150      | 0.00051061     | 0.00051523    
1173            | BaSO4_15Wt             | 4              | 3835531      | 3700311      | 0.964745      | 0.00051061     | 0.00051985    
1173            | BaSO4_15Wt             | 6              | 3835531      | 3635742      | 0.947911      | 0.00051061     | 0.00052445    
1173            | BaSO4_15Wt             | 8              | 3835531      | 3572205      | 0.931346      | 0.00051061     | 0.00052909    
1173            | BaSO4_15Wt             | 10             | 3835531      | 3509953      | 0.915115      | 0.00051061     | 0.00053376    
1173            | BaSO4_20Wt             | 2              | 3835531      | 3764615      | 0.981511      | 0.00051061     | 0.00051539    
1173            | BaSO4_20Wt             | 4              | 3835531      | 3695684      | 0.963539      | 0.00051061     | 0.00052018    
1173            | BaSO4_20Wt             | 6              | 3835531      | 3629125      | 0.946186      | 0.00051061     | 0.00052493    
1173            | BaSO4_20Wt             | 8              | 3835531      | 3563567      | 0.929094      | 0.00051061     | 0.00052973    
1173            | BaSO4_20Wt             | 10             | 3835531      | 3499018      | 0.912264      | 0.00051061     | 0.00053460    
1173            | BaSO4_25Wt             | 2              | 3835531      | 3761950      | 0.980816      | 0.00051061     | 0.00051558    
1173            | BaSO4_25Wt             | 4              | 3835531      | 3690747      | 0.962252      | 0.00051061     | 0.00052053    
1173            | BaSO4_25Wt             | 6              | 3835531      | 3622011      | 0.944331      | 0.00051061     | 0.00052544    
1173            | BaSO4_25Wt             | 8              | 3835531      | 3554112      | 0.926628      | 0.00051061     | 0.00053044    
1173            | BaSO4_25Wt             | 10             | 3835531      | 3486817      | 0.909083      | 0.00051061     | 0.00053553    
1173            | BaSO4_30Wt             | 2              | 3835531      | 3759011      | 0.980050      | 0.00051061     | 0.00051578    
1173            | BaSO4_30Wt             | 4              | 3835531      | 3685072      | 0.960772      | 0.00051061     | 0.00052093    
1173            | BaSO4_30Wt             | 6              | 3835531      | 3613790      | 0.942188      | 0.00051061     | 0.00052604    
1173            | BaSO4_30Wt             | 8              | 3835531      | 3543392      | 0.923833      | 0.00051061     | 0.00053124    
1173            | BaSO4_30Wt             | 10             | 3835531      | 3473974      | 0.905735      | 0.00051061     | 0.00053652    
1173            | Bi2O3_5Wt              | 2              | 3835531      | 3770811      | 0.983126      | 0.00051061     | 0.00051497    
1173            | Bi2O3_5Wt              | 4              | 3835531      | 3708031      | 0.966758      | 0.00051061     | 0.00051931    
1173            | Bi2O3_5Wt              | 6              | 3835531      | 3646426      | 0.950697      | 0.00051061     | 0.00052368    
1173            | Bi2O3_5Wt              | 8              | 3835531      | 3586078      | 0.934963      | 0.00051061     | 0.00052807    
1173            | Bi2O3_5Wt              | 10             | 3835531      | 3526980      | 0.919555      | 0.00051061     | 0.00053247    
1173            | Bi2O3_10Wt             | 2              | 3835531      | 3767929      | 0.982375      | 0.00051061     | 0.00051517    
1173            | Bi2O3_10Wt             | 4              | 3835531      | 3702236      | 0.965247      | 0.00051061     | 0.00051972    
1173            | Bi2O3_10Wt             | 6              | 3835531      | 3638050      | 0.948513      | 0.00051061     | 0.00052428    
1173            | Bi2O3_10Wt             | 8              | 3835531      | 3574706      | 0.931998      | 0.00051061     | 0.00052891    
1173            | Bi2O3_10Wt             | 10             | 3835531      | 3513192      | 0.915960      | 0.00051061     | 0.00053352    
1173            | Bi2O3_15Wt             | 2              | 3835531      | 3764704      | 0.981534      | 0.00051061     | 0.00051539    
1173            | Bi2O3_15Wt             | 4              | 3835531      | 3695612      | 0.963520      | 0.00051061     | 0.00052018    
1173            | Bi2O3_15Wt             | 6              | 3835531      | 3628796      | 0.946100      | 0.00051061     | 0.00052495    
1173            | Bi2O3_15Wt             | 8              | 3835531      | 3562580      | 0.928836      | 0.00051061     | 0.00052981    
1173            | Bi2O3_15Wt             | 10             | 3835531      | 3498005      | 0.912000      | 0.00051061     | 0.00053467    
1173            | Bi2O3_20Wt             | 2              | 3835531      | 3761265      | 0.980637      | 0.00051061     | 0.00051562    
1173            | Bi2O3_20Wt             | 4              | 3835531      | 3689064      | 0.961813      | 0.00051061     | 0.00052065    
1173            | Bi2O3_20Wt             | 6              | 3835531      | 3618599      | 0.943441      | 0.00051061     | 0.00052569    
1173            | Bi2O3_20Wt             | 8              | 3835531      | 3549174      | 0.925341      | 0.00051061     | 0.00053081    
1173            | Bi2O3_20Wt             | 10             | 3835531      | 3481344      | 0.907656      | 0.00051061     | 0.00053595    
1173            | Bi2O3_25Wt             | 2              | 3835531      | 3757267      | 0.979595      | 0.00051061     | 0.00051590    
1173            | Bi2O3_25Wt             | 4              | 3835531      | 3681361      | 0.959805      | 0.00051061     | 0.00052119    
1173            | Bi2O3_25Wt             | 6              | 3835531      | 3607233      | 0.940478      | 0.00051061     | 0.00052652    
1173            | Bi2O3_25Wt             | 8              | 3835531      | 3534906      | 0.921621      | 0.00051061     | 0.00053188    
1173            | Bi2O3_25Wt             | 10             | 3835531      | 3463300      | 0.902952      | 0.00051061     | 0.00053735    
1173            | Bi2O3_30Wt             | 2              | 3835531      | 3752869      | 0.978448      | 0.00051061     | 0.00051620    
1173            | Bi2O3_30Wt             | 4              | 3835531      | 3672816      | 0.957577      | 0.00051061     | 0.00052180    
1173            | Bi2O3_30Wt             | 6              | 3835531      | 3594418      | 0.937137      | 0.00051061     | 0.00052746    
1173            | Bi2O3_30Wt             | 8              | 3835531      | 3518068      | 0.917231      | 0.00051061     | 0.00053315    
1173            | Bi2O3_30Wt             | 10             | 3835531      | 3443126      | 0.897692      | 0.00051061     | 0.00053892    
1332            | PPS_0Wt                | 2              | 3487416      | 3432954      | 0.984383      | 0.00053549     | 0.00053972    
1332            | PPS_0Wt                | 4              | 3487416      | 3381309      | 0.969574      | 0.00053549     | 0.00054382    
1332            | PPS_0Wt                | 6              | 3487416      | 3331222      | 0.955212      | 0.00053549     | 0.00054790    
1332            | PPS_0Wt                | 8              | 3487416      | 3281612      | 0.940987      | 0.00053549     | 0.00055202    
1332            | PPS_0Wt                | 10             | 3487416      | 3232962      | 0.927037      | 0.00053549     | 0.00055616    
1332            | G4_Pb                  | 2              | 3487416      | 3085670      | 0.884801      | 0.00053549     | 0.00056928    
1332            | G4_Pb                  | 4              | 3487416      | 2729378      | 0.782636      | 0.00053549     | 0.00060530    
1332            | G4_Pb                  | 6              | 3487416      | 2414725      | 0.692411      | 0.00053549     | 0.00064353    
1332            | G4_Pb                  | 8              | 3487416      | 2137052      | 0.612790      | 0.00053549     | 0.00068406    
1332            | G4_Pb                  | 10             | 3487416      | 1890100      | 0.541977      | 0.00053549     | 0.00072737    
1332            | G4_W                   | 2              | 3487416      | 2856978      | 0.819225      | 0.00053549     | 0.00059163    
1332            | G4_W                   | 4              | 3487416      | 2342312      | 0.671647      | 0.00053549     | 0.00065340    
1332            | G4_W                   | 6              | 3487416      | 1920003      | 0.550552      | 0.00053549     | 0.00072169    
1332            | G4_W                   | 8              | 3487416      | 1574110      | 0.451369      | 0.00053549     | 0.00079704    
1332            | G4_W                   | 10             | 3487416      | 1290506      | 0.370046      | 0.00053549     | 0.00088028    
1332            | Ti3C2O2_5Wt            | 2              | 3487416      | 3432852      | 0.984354      | 0.00053549     | 0.00053972    
1332            | Ti3C2O2_5Wt            | 4              | 3487416      | 3379564      | 0.969074      | 0.00053549     | 0.00054396    
1332            | Ti3C2O2_5Wt            | 6              | 3487416      | 3327335      | 0.954098      | 0.00053549     | 0.00054822    
1332            | Ti3C2O2_5Wt            | 8              | 3487416      | 3276665      | 0.939568      | 0.00053549     | 0.00055244    
1332            | Ti3C2O2_5Wt            | 10             | 3487416      | 3226061      | 0.925058      | 0.00053549     | 0.00055675    
1332            | Ti3C2O2_10Wt           | 2              | 3487416      | 3431163      | 0.983870      | 0.00053549     | 0.00053986    
1332            | Ti3C2O2_10Wt           | 4              | 3487416      | 3375642      | 0.967949      | 0.00053549     | 0.00054428    
1332            | Ti3C2O2_10Wt           | 6              | 3487416      | 3321860      | 0.952528      | 0.00053549     | 0.00054867    
1332            | Ti3C2O2_10Wt           | 8              | 3487416      | 3268982      | 0.937365      | 0.00053549     | 0.00055309    
1332            | Ti3C2O2_10Wt           | 10             | 3487416      | 3217287      | 0.922542      | 0.00053549     | 0.00055751    
1332            | Ti3C2O2_15Wt           | 2              | 3487416      | 3428971      | 0.983241      | 0.00053549     | 0.00054003    
1332            | Ti3C2O2_15Wt           | 4              | 3487416      | 3371644      | 0.966803      | 0.00053549     | 0.00054460    
1332            | Ti3C2O2_15Wt           | 6              | 3487416      | 3315765      | 0.950780      | 0.00053549     | 0.00054917    
1332            | Ti3C2O2_15Wt           | 8              | 3487416      | 3260895      | 0.935046      | 0.00053549     | 0.00055377    
1332            | Ti3C2O2_15Wt           | 10             | 3487416      | 3207312      | 0.919682      | 0.00053549     | 0.00055838    
1332            | Ti3C2O2_20Wt           | 2              | 3487416      | 3426832      | 0.982628      | 0.00053549     | 0.00054020    
1332            | Ti3C2O2_20Wt           | 4              | 3487416      | 3367157      | 0.965516      | 0.00053549     | 0.00054496    
1332            | Ti3C2O2_20Wt           | 6              | 3487416      | 3309204      | 0.948899      | 0.00053549     | 0.00054972    
1332            | Ti3C2O2_20Wt           | 8              | 3487416      | 3252365      | 0.932600      | 0.00053549     | 0.00055450    
1332            | Ti3C2O2_20Wt           | 10             | 3487416      | 3196685      | 0.916634      | 0.00053549     | 0.00055931    
1332            | Ti3C2O2_25Wt           | 2              | 3487416      | 3424341      | 0.981914      | 0.00053549     | 0.00054040    
1332            | Ti3C2O2_25Wt           | 4              | 3487416      | 3362025      | 0.964045      | 0.00053549     | 0.00054538    
1332            | Ti3C2O2_25Wt           | 6              | 3487416      | 3302007      | 0.946835      | 0.00053549     | 0.00055031    
1332            | Ti3C2O2_25Wt           | 8              | 3487416      | 3242860      | 0.929875      | 0.00053549     | 0.00055531    
1332            | Ti3C2O2_25Wt           | 10             | 3487416      | 3185076      | 0.913305      | 0.00053549     | 0.00056033    
1332            | Ti3C2O2_30Wt           | 2              | 3487416      | 3421461      | 0.981088      | 0.00053549     | 0.00054062    
1332            | Ti3C2O2_30Wt           | 4              | 3487416      | 3356691      | 0.962515      | 0.00053549     | 0.00054581    
1332            | Ti3C2O2_30Wt           | 6              | 3487416      | 3294161      | 0.944585      | 0.00053549     | 0.00055097    
1332            | Ti3C2O2_30Wt           | 8              | 3487416      | 3232798      | 0.926989      | 0.00053549     | 0.00055617    
1332            | Ti3C2O2_30Wt           | 10             | 3487416      | 3172547      | 0.909713      | 0.00053549     | 0.00056143    
1332            | Pb_5Wt                 | 2              | 3487416      | 3432452      | 0.984239      | 0.00053549     | 0.00053976    
1332            | Pb_5Wt                 | 4              | 3487416      | 3378620      | 0.968803      | 0.00053549     | 0.00054404    
1332            | Pb_5Wt                 | 6              | 3487416      | 3325886      | 0.953682      | 0.00053549     | 0.00054834    
1332            | Pb_5Wt                 | 8              | 3487416      | 3274663      | 0.938994      | 0.00053549     | 0.00055261    
1332            | Pb_5Wt                 | 10             | 3487416      | 3223737      | 0.924391      | 0.00053549     | 0.00055696    
1332            | Pb_10Wt                | 2              | 3487416      | 3430092      | 0.983563      | 0.00053549     | 0.00053994    
1332            | Pb_10Wt                | 4              | 3487416      | 3373641      | 0.967376      | 0.00053549     | 0.00054444    
1332            | Pb_10Wt                | 6              | 3487416      | 3318557      | 0.951580      | 0.00053549     | 0.00054894    
1332            | Pb_10Wt                | 8              | 3487416      | 3264767      | 0.936156      | 0.00053549     | 0.00055344    
1332            | Pb_10Wt                | 10             | 3487416      | 3212264      | 0.921101      | 0.00053549     | 0.00055795    
1332            | Pb_15Wt                | 2              | 3487416      | 3427287      | 0.982758      | 0.00053549     | 0.00054016    
1332            | Pb_15Wt                | 4              | 3487416      | 3368133      | 0.965796      | 0.00053549     | 0.00054489    
1332            | Pb_15Wt                | 6              | 3487416      | 3310689      | 0.949324      | 0.00053549     | 0.00054959    
1332            | Pb_15Wt                | 8              | 3487416      | 3254210      | 0.933129      | 0.00053549     | 0.00055434    
1332            | Pb_15Wt                | 10             | 3487416      | 3199410      | 0.917416      | 0.00053549     | 0.00055907    
1332            | Pb_20Wt                | 2              | 3487416      | 3424332      | 0.981911      | 0.00053549     | 0.00054040    
1332            | Pb_20Wt                | 4              | 3487416      | 3362353      | 0.964139      | 0.00053549     | 0.00054535    
1332            | Pb_20Wt                | 6              | 3487416      | 3302079      | 0.946855      | 0.00053549     | 0.00055031    
1332            | Pb_20Wt                | 8              | 3487416      | 3242769      | 0.929849      | 0.00053549     | 0.00055532    
1332            | Pb_20Wt                | 10             | 3487416      | 3184924      | 0.913262      | 0.00053549     | 0.00056034    
1332            | Pb_25Wt                | 2              | 3487416      | 3421019      | 0.980961      | 0.00053549     | 0.00054066    
1332            | Pb_25Wt                | 4              | 3487416      | 3355490      | 0.962171      | 0.00053549     | 0.00054591    
1332            | Pb_25Wt                | 6              | 3487416      | 3292194      | 0.944021      | 0.00053549     | 0.00055113    
1332            | Pb_25Wt                | 8              | 3487416      | 3229673      | 0.926093      | 0.00053549     | 0.00055644    
1332            | Pb_25Wt                | 10             | 3487416      | 3168973      | 0.908688      | 0.00053549     | 0.00056175    
1332            | Pb_30Wt                | 2              | 3487416      | 3416876      | 0.979773      | 0.00053549     | 0.00054099    
1332            | Pb_30Wt                | 4              | 3487416      | 3348195      | 0.960079      | 0.00053549     | 0.00054651    
1332            | Pb_30Wt                | 6              | 3487416      | 3281270      | 0.940889      | 0.00053549     | 0.00055205    
1332            | Pb_30Wt                | 8              | 3487416      | 3215595      | 0.922057      | 0.00053549     | 0.00055766    
1332            | Pb_30Wt                | 10             | 3487416      | 3151036      | 0.903545      | 0.00053549     | 0.00056334    
1332            | W_5Wt                  | 2              | 3487416      | 3430780      | 0.983760      | 0.00053549     | 0.00053989    
1332            | W_5Wt                  | 4              | 3487416      | 3376729      | 0.968261      | 0.00053549     | 0.00054419    
1332            | W_5Wt                  | 6              | 3487416      | 3324600      | 0.953313      | 0.00053549     | 0.00054844    
1332            | W_5Wt                  | 8              | 3487416      | 3272578      | 0.938396      | 0.00053549     | 0.00055278    
1332            | W_5Wt                  | 10             | 3487416      | 3222386      | 0.924004      | 0.00053549     | 0.00055707    
1332            | W_10Wt                 | 2              | 3487416      | 3428202      | 0.983021      | 0.00053549     | 0.00054009    
1332            | W_10Wt                 | 4              | 3487416      | 3371752      | 0.966834      | 0.00053549     | 0.00054459    
1332            | W_10Wt                 | 6              | 3487416      | 3316754      | 0.951063      | 0.00053549     | 0.00054909    
1332            | W_10Wt                 | 8              | 3487416      | 3262870      | 0.935612      | 0.00053549     | 0.00055361    
1332            | W_10Wt                 | 10             | 3487416      | 3210310      | 0.920541      | 0.00053549     | 0.00055812    
1332            | W_15Wt                 | 2              | 3487416      | 3425139      | 0.982142      | 0.00053549     | 0.00054033    
1332            | W_15Wt                 | 4              | 3487416      | 3366129      | 0.965222      | 0.00053549     | 0.00054505    
1332            | W_15Wt                 | 6              | 3487416      | 3308354      | 0.948655      | 0.00053549     | 0.00054979    
1332            | W_15Wt                 | 8              | 3487416      | 3252407      | 0.932612      | 0.00053549     | 0.00055449    
1332            | W_15Wt                 | 10             | 3487416      | 3197258      | 0.916799      | 0.00053549     | 0.00055926    
1332            | W_20Wt                 | 2              | 3487416      | 3422327      | 0.981336      | 0.00053549     | 0.00054055    
1332            | W_20Wt                 | 4              | 3487416      | 3360067      | 0.963483      | 0.00053549     | 0.00054554    
1332            | W_20Wt                 | 6              | 3487416      | 3299564      | 0.946134      | 0.00053549     | 0.00055052    
1332            | W_20Wt                 | 8              | 3487416      | 3240632      | 0.929236      | 0.00053549     | 0.00055550    
1332            | W_20Wt                 | 10             | 3487416      | 3182675      | 0.912617      | 0.00053549     | 0.00056054    
1332            | W_25Wt                 | 2              | 3487416      | 3418576      | 0.980260      | 0.00053549     | 0.00054085    
1332            | W_25Wt                 | 4              | 3487416      | 3353268      | 0.961534      | 0.00053549     | 0.00054609    
1332            | W_25Wt                 | 6              | 3487416      | 3289703      | 0.943307      | 0.00053549     | 0.00055134    
1332            | W_25Wt                 | 8              | 3487416      | 3227390      | 0.925439      | 0.00053549     | 0.00055664    
1332            | W_25Wt                 | 10             | 3487416      | 3166061      | 0.907853      | 0.00053549     | 0.00056201    
1332            | W_30Wt                 | 2              | 3487416      | 3414733      | 0.979158      | 0.00053549     | 0.00054115    
1332            | W_30Wt                 | 4              | 3487416      | 3346074      | 0.959471      | 0.00053549     | 0.00054668    
1332            | W_30Wt                 | 6              | 3487416      | 3278553      | 0.940110      | 0.00053549     | 0.00055228    
1332            | W_30Wt                 | 8              | 3487416      | 3212773      | 0.921247      | 0.00053549     | 0.00055790    
1332            | W_30Wt                 | 10             | 3487416      | 3147446      | 0.902515      | 0.00053549     | 0.00056366    
1332            | BaSO4_5Wt              | 2              | 3487416      | 3431459      | 0.983955      | 0.00053549     | 0.00053983    
1332            | BaSO4_5Wt              | 4              | 3487416      | 3378181      | 0.968677      | 0.00053549     | 0.00054407    
1332            | BaSO4_5Wt              | 6              | 3487416      | 3326583      | 0.953882      | 0.00053549     | 0.00054828    
1332            | BaSO4_5Wt              | 8              | 3487416      | 3275334      | 0.939186      | 0.00053549     | 0.00055255    
1332            | BaSO4_5Wt              | 10             | 3487416      | 3225562      | 0.924915      | 0.00053549     | 0.00055680    
1332            | BaSO4_10Wt             | 2              | 3487416      | 3429608      | 0.983424      | 0.00053549     | 0.00053998    
1332            | BaSO4_10Wt             | 4              | 3487416      | 3374973      | 0.967758      | 0.00053549     | 0.00054433    
1332            | BaSO4_10Wt             | 6              | 3487416      | 3321539      | 0.952436      | 0.00053549     | 0.00054869    
1332            | BaSO4_10Wt             | 8              | 3487416      | 3268743      | 0.937297      | 0.00053549     | 0.00055311    
1332            | BaSO4_10Wt             | 10             | 3487416      | 3217866      | 0.922708      | 0.00053549     | 0.00055746    
1332            | BaSO4_15Wt             | 2              | 3487416      | 3427897      | 0.982933      | 0.00053549     | 0.00054011    
1332            | BaSO4_15Wt             | 4              | 3487416      | 3371234      | 0.966685      | 0.00053549     | 0.00054464    
1332            | BaSO4_15Wt             | 6              | 3487416      | 3315967      | 0.950838      | 0.00053549     | 0.00054915    
1332            | BaSO4_15Wt             | 8              | 3487416      | 3261859      | 0.935323      | 0.00053549     | 0.00055369    
1332            | BaSO4_15Wt             | 10             | 3487416      | 3208987      | 0.920162      | 0.00053549     | 0.00055823    
1332            | BaSO4_20Wt             | 2              | 3487416      | 3425623      | 0.982281      | 0.00053549     | 0.00054029    
1332            | BaSO4_20Wt             | 4              | 3487416      | 3367228      | 0.965537      | 0.00053549     | 0.00054496    
1332            | BaSO4_20Wt             | 6              | 3487416      | 3310134      | 0.949165      | 0.00053549     | 0.00054964    
1332            | BaSO4_20Wt             | 8              | 3487416      | 3254284      | 0.933151      | 0.00053549     | 0.00055433    
1332            | BaSO4_20Wt             | 10             | 3487416      | 3199752      | 0.917514      | 0.00053549     | 0.00055904    
1332            | BaSO4_25Wt             | 2              | 3487416      | 3423729      | 0.981738      | 0.00053549     | 0.00054044    
1332            | BaSO4_25Wt             | 4              | 3487416      | 3363118      | 0.964358      | 0.00053549     | 0.00054529    
1332            | BaSO4_25Wt             | 6              | 3487416      | 3303838      | 0.947360      | 0.00053549     | 0.00055016    
1332            | BaSO4_25Wt             | 8              | 3487416      | 3246188      | 0.930829      | 0.00053549     | 0.00055503    
1332            | BaSO4_25Wt             | 10             | 3487416      | 3189455      | 0.914561      | 0.00053549     | 0.00055994    
1332            | BaSO4_30Wt             | 2              | 3487416      | 3421276      | 0.981035      | 0.00053549     | 0.00054064    
1332            | BaSO4_30Wt             | 4              | 3487416      | 3358510      | 0.963037      | 0.00053549     | 0.00054567    
1332            | BaSO4_30Wt             | 6              | 3487416      | 3297319      | 0.945491      | 0.00053549     | 0.00055071    
1332            | BaSO4_30Wt             | 8              | 3487416      | 3237191      | 0.928249      | 0.00053549     | 0.00055580    
1332            | BaSO4_30Wt             | 10             | 3487416      | 3178342      | 0.911374      | 0.00053549     | 0.00056092    
1332            | Bi2O3_5Wt              | 2              | 3487416      | 3432509      | 0.984256      | 0.00053549     | 0.00053975    
1332            | Bi2O3_5Wt              | 4              | 3487416      | 3378652      | 0.968812      | 0.00053549     | 0.00054404    
1332            | Bi2O3_5Wt              | 6              | 3487416      | 3326060      | 0.953732      | 0.00053549     | 0.00054832    
1332            | Bi2O3_5Wt              | 8              | 3487416      | 3274933      | 0.939072      | 0.00053549     | 0.00055258    
1332            | Bi2O3_5Wt              | 10             | 3487416      | 3224000      | 0.924467      | 0.00053549     | 0.00055693    
1332            | Bi2O3_10Wt             | 2              | 3487416      | 3430294      | 0.983621      | 0.00053549     | 0.00053993    
1332            | Bi2O3_10Wt             | 4              | 3487416      | 3373867      | 0.967440      | 0.00053549     | 0.00054442    
1332            | Bi2O3_10Wt             | 6              | 3487416      | 3318973      | 0.951700      | 0.00053549     | 0.00054891    
1332            | Bi2O3_10Wt             | 8              | 3487416      | 3265353      | 0.936324      | 0.00053549     | 0.00055339    
1332            | Bi2O3_10Wt             | 10             | 3487416      | 3212751      | 0.921241      | 0.00053549     | 0.00055791    
1332            | Bi2O3_15Wt             | 2              | 3487416      | 3427552      | 0.982834      | 0.00053549     | 0.00054014    
1332            | Bi2O3_15Wt             | 4              | 3487416      | 3368672      | 0.965951      | 0.00053549     | 0.00054484    
1332            | Bi2O3_15Wt             | 6              | 3487416      | 3311371      | 0.949520      | 0.00053549     | 0.00054954    
1332            | Bi2O3_15Wt             | 8              | 3487416      | 3255220      | 0.933419      | 0.00053549     | 0.00055426    
1332            | Bi2O3_15Wt             | 10             | 3487416      | 3200349      | 0.917685      | 0.00053549     | 0.00055899    
1332            | Bi2O3_20Wt             | 2              | 3487416      | 3424719      | 0.982022      | 0.00053549     | 0.00054037    
1332            | Bi2O3_20Wt             | 4              | 3487416      | 3362941      | 0.964307      | 0.00053549     | 0.00054531    
1332            | Bi2O3_20Wt             | 6              | 3487416      | 3303117      | 0.947153      | 0.00053549     | 0.00055022    
1332            | Bi2O3_20Wt             | 8              | 3487416      | 3244147      | 0.930244      | 0.00053549     | 0.00055520    
1332            | Bi2O3_20Wt             | 10             | 3487416      | 3186679      | 0.913765      | 0.00053549     | 0.00056018    
1332            | Bi2O3_25Wt             | 2              | 3487416      | 3421446      | 0.981083      | 0.00053549     | 0.00054062    
1332            | Bi2O3_25Wt             | 4              | 3487416      | 3356423      | 0.962438      | 0.00053549     | 0.00054584    
1332            | Bi2O3_25Wt             | 6              | 3487416      | 3293493      | 0.944393      | 0.00053549     | 0.00055103    
1332            | Bi2O3_25Wt             | 8              | 3487416      | 3231668      | 0.926665      | 0.00053549     | 0.00055627    
1332            | Bi2O3_25Wt             | 10             | 3487416      | 3171353      | 0.909370      | 0.00053549     | 0.00056154    
1332            | Bi2O3_30Wt             | 2              | 3487416      | 3417634      | 0.979990      | 0.00053549     | 0.00054093    
1332            | Bi2O3_30Wt             | 4              | 3487416      | 3349472      | 0.960445      | 0.00053549     | 0.00054640    
1332            | Bi2O3_30Wt             | 6              | 3487416      | 3283345      | 0.941484      | 0.00053549     | 0.00055188    
1332            | Bi2O3_30Wt             | 8              | 3487416      | 3218119      | 0.922780      | 0.00053549     | 0.00055744    
1332            | Bi2O3_30Wt             | 10             | 3487416      | 3154270      | 0.904472      | 0.00053549     | 0.00056305    
